comment,like,bad
"中学校教員です。部活動の地域移行は必要だと感じます。年々生徒の数が減って単独でチームが組めない学校が多くなってきたこと、教員の勤務時間外負担が多いうえ、その分の賃金が発生しないこと、専門性が全くない部活にあてられ生徒保護者との関係が悪くなることなど改善部分は非常に多いです。ですが地域で指導者がいない自治体も多いです。家庭に多少の負担が発生しても指導者を確保するべきだと思います。",1170,149
"大規模スポーツ施設の所長です。先日、県内の高校生のバスケットボール大会や市内高校生の卓球大会が開催されました。係りの先生方が朝早くから来られて大会の準備をされます。顧問の先生方の適切な運営と選手の管理でトラブルもなくスムーズに大会は終了しました。その様子を見ていて、職員とこれが先生でなく地域の指導者だったらこんなにスムーズにいかないだろうと話し合いました。とりあえず先生から部活を切り離すことが目的になっていますが、丁寧に進めないと次々とトラブルが発生すると確信します。顧問の先生方の働きには本当に頭が下がります。多くの学生にスポーツの機会が保証されるのは本当に大切なことだと思いますが、机上の計画で見切り発車しないように行政や委員会の担当者は現場をもっとよく研究するべきだと思います。",282,129
"このまま「教員になる人がいなくなる」道を選ぶのか、「学校から部活動を切り離す」道を選ぶのか、結論は出ているのでは。今まで教員によって無償であれだけ長時間の労働が行われていたという状態が異常。一度白紙から仕切り直して、子供に対する文化的活動・体育的活動を誰が行い、コストをどう分担するかを考え直すべき。",785,48
"教員の負担軽減に繋がるという意味では賛成です。引き続き指導を続けたいという教員には続けてもらったらいいかと思いますが、新規の地域指導員含めてしっかり給与を支払うべきです。無給や低賃金でのボランティア精神に頼るのは無責任ですし、新たな問題も生じてくるかと思います。(この問題に限らず、とにかく日本は子ども関連の予算をもっともっと増やすべきです。)ヨーロッパのような総合型地域スポーツクラブに移行するという形もありかとは思いますが、すぐには難しいと思うので、国がプランを立てて段階的に移行する形が良いかと思います。",113,7
"自分自身は学校の部活動にお世話になりました。子どもはというと、地域のクラブに比重を置きつつ、学校の部活動にも参加していました。というのも学校には子どものしたかった部活動がなかったからです。少子化の波は確実に来ていて、私の住む地域では、子どもの中学生の頃は1学年7〜8クラスでしたが、今では4クラスと聞いています。詳しくは知りませんが部活動の種類も減る傾向にあるのではないでしょうか。一人一人が自分の好きなことに取り組むには、課外活動を学校と切り離す時が来ているように感じます。ただし、それにはきちんとした予算処置が必要です。無料の学校部活ではなく、有料の地域クラブへの転換の時かもしれないと考えます。",672,83
"部活動の地域以降は、小中だけ進められているような感じがある。高校ももっとスピーディにすすめてほしい。部活動は生徒の自主的な活動であり、それに対して、指導をしたい教員としたくない教員が、同じ職場の中にいる。指導をしたくない教員が、土日も引率だの試合の運営だので家庭を犠牲にする。こんなひどいことありますか。管理職は年度末に希望ありきで顧問の希望調査をしてくる。顧問を希望しない人の意見をきいてほしい。それを国なり教育委員会なりにあげてほしい。",622,67
"地域への移行に賛成です。小・中・高の年代で区切るのではなく、大人も含めて地域住民みんなの部活動みたいに生涯スポーツや生涯音楽などを進めてほしい。帰宅後の子供、仕事終わりの大人、現役を引退したお年寄り、同じ趣味を持つ色んな世代の人が集まって活動できる居場所があれば、地域がもっと元気になると思うし、地域の教育力も高まると思う。やりたい部活が学校にないので続けてきた競技をやめる子供、剣道では国体級の腕だけどバレー部の顧問を押し付けられる先生、学生時代は吹奏楽部だったけれど就職したら続けられない大人、地域への移行で救われる人は多いと思う。少子化で団体競技や演奏はますますできにくくなることも予想される。",128,16
"課題は非常に多いですが、将来を考えると進めるべき方向性だと思っています。我が家の子供たちも成人し、振り返る余裕が出てきました。発端は教員の超過労働時間解消かもしれませんが、少子化で学校単位での運動部における試合や文化部におけるコンクール出場が困難になっている現象が発生して久しいです。人口拡大局面を前提とした日本独自の部活動という文化は、海外からすると非常に特殊なので、我々は現状を当然とせず、子供たちが勉強以外の経験値をどう積んでいくように親も社会もサポートすることを考える局面だと思います。",321,34
"小学校のスポーツ少年団活動は元々学校から切り離されている。中学校の部活動もそれと同じようにすればよい。スポーツ少年団は保護者が指導者を見つける。行政に指導者を見つけさせるなんてあり得ない。自分たちでやりたいと願っているなら、やりたい者たちで指導者を見つけるべき。ちなみに、スポーツ少年団の指導者は報酬はないボランティア。部活動の地域移行で指導者に公的に報酬を出すなら、スポーツ少年団の指導者にも報酬を出すべき。",382,29
"費用に関しては、本来支払うべき費用が教員の勤労奉仕によって見えなくなっていただけで、正しい姿になるだけだと思う。地域へ移行と言う点に関しては、より選択肢が増えて、やりたい部活に参加できる可能性が増えると言うことと、より専門性の高い指導を受けられる可能性が増えると言う点で良いと思います。今後の少子化社会においては、都市部でも学校単位の部活では活動の維持が難しくなる恐れもあり、早く普及して欲しいと思います。",199,13
"現在高1と小6の子の母です。上の子の時すでに部活は週4、平日は2時間、土日はどちらかで3時間程度の練習でした。そんな練習時間でうまくなる気はしませんでしたが、それでも部活があって、基本的には何かには入部しないといけないルールから運動得意じゃないけどテニス部に入って、2年半頑張って、すごくいい経験になったと思っています。授業が終わって部活を2時間して、夕方には帰宅して、塾に行けるというリズムは中学生にはとってもいいです。そうじゃないと帰って一生スマホ見てます。人生の通過儀礼として、義務教育期間中の部活っていうのはとっても大切だと思います。ぜひこのまま学校の管理下の中で部活を存続させていただきたいですね。",22,69
"指導員の副業は政府から企業に働きかけてOKにしてもらい、収入分は非課税にするなどの措置を取ったりする側面の支援も必要だと思う。また部活動で何かあったら責任は負わない旨を保護者に承諾してもらうなりしないと誰も指導員になりたいとは思わない。ただ教員の土日完全休業を実現する為には希望人数の少ない部活動の廃止などの措置も必要だと思う。",265,36
"学校教員です。約25年間、部活動指導に打ち込んできました。お陰様で男女で全国大会にも出させていただきました。現在は方針を変更して、学校では週4日1時間程度の活動で、いつでも自由に休める「同好会」にしました。すると意外と外部クラブと掛け持ちでたくさんの生徒が入会しました。本格的な活動は地域のクラブチームを立ち上げました。そのために、公認コーチの資格もとりました。同好会で物足りない生徒も何人か参加しています。クラブチームには年少から中学生まで沢山集まってくれました。費用は保険代と備品代・消耗品代のみで、できるだけ安く抑えました。中体連の公式戦にもクラブチームとして出場しています。保護者の関心も高いと感じます。指導で怒ったりすることもなくなりました。とにかく「今日は楽しかった！」、「上達した！」と終われるようにしています。体育館を使わせてくれてる高校もでてきました。",123,9
"私は中学、高校と部活動ではなく、スポーツクラブに所属していました。私の学校に自分の行いたい部活動がなかったからです。ヨーロッパでは学校が終わった後、生徒それぞれが地域にあるスポーツクラブに行き、スポーツ活動を行います。スポーツクラブで各々競技力の向上であったり、地域との合流などに取り組んでます。スポーツ活動後は併設されているレストランなどで食事をしたり帰宅したりと様々です。日本の部活動の欠点は①教員の負担増加②専門種目でない教員のスポーツ指導、が挙げられます。教員の負担が増加すると教員の部活動に対するモチベーションが下がる事と日常の授業にも支障が出ます。また専門的な指導者がいないことにより競技力の向上が見込めない、怪我の時の対応が遅れると言う欠点が発生します。今部活動改革が考えられていは今、部活動を地域に移行するチャンスだと思います。微力ではありますがこの投稿が参考になればと思います。",140,8
"今現在、高校や中学校の教師が行わされている「部活動」の機能を継続させるなら地域移行しかないです。一部に地域に指導者がいなくて移行できないとかありますが、その場合残念ですが、その部は整理(要するに廃部)を検討せざるを得ないです。確かに地域間の格差等が生じるかもしれませんが、それは国や都道府県が考えるべきことで、各学校では粛々と部活動を地域へ移す手続きを行い、それが出来ないのなら整理を検討して欲しいと思います。間違っても、現在の職員が部活を引き継ぐという時代に逆行するようなことを行うべきではないです。",90,4
"学年1クラスしかない田舎の中学校の子持ちです。一校だけではチームが成り立たず、クラブチーム化には賛成なのですが、クラブチームだと夜やっているところも多く、塾との掛け持ちが難しいです。また、毎回の送迎も大変です。親に色々負担なので、何も考えず放課後学校で練習できた自分の時代がいかに恵まれていたかを痛感します",50,5
"中学高校と学校の部活では先生方に大変お世話になりました。当時は子供で、先生方にどれほど負担をかけていたか理解できておりませんでしたが、先生方のご厚意に甘えすぎている現状は変えていかないといけないと考えております。地域移行するのは当然として、これから出てくる問題には適宜対応し、子供たちが良い経験ができる環境が整っていくことを期待しております。",45,1
"私自身は中学・高校通じて部活があったから心身共に救われたと思います。一方で、それが顧問の先生の多大なる努力で支えられていたことも、長じるにつれて理解できました。やはり地域移行は必要。しかし、今の部活動指導員くらいのレベル感でしか対策をとれないなら、残念ながら部活動は今後縮小の方向になりそうだと感じています。夫が高校で部活動指導員してます。友人である顧問の先生から頼まれて、昔からボランティアで教えにいっていた延長なので、何とかなってますが、非常に稀な例だと思います。年間数十万の上限つき報酬で、専門性の高いスキルと教育の意識が必要な責任ある仕事、まともな指導者は中々見つからないでしょう。さらに報酬は今年度減らされましたけど、地域移行って財源どうするのでしょうか。毎日な練習場所、器具（例えば吹奏楽部の楽器とか）の問題なども山積みです。国が教育としての部活動にどれ程本気かが問われると思います。",38,8
"部活動の意義は、教育の観点で学校の活動としてこれまで果たしてきた役割はなんなのか、これからどうあるべきなのかがどのように議論されてきたのか、そこをきちんと把握したい。地域にどの役割を任せるのか。教員の負担という意味では、きちんと手当を支払うことで解決する部分もあると思う。部活を切り離すことだけが教員のモチベーションにつながるのか、疑問も感じる。部活がなくなり子供の状況把握や教室内だけでない指導・育成ができなくなり新たな問題、教員の負担が発生するようにも思う。",16,18
"部活動以外にも、地域で活動しているクラブはある。週１～２回、２時間くらいの活動をしている地域クラブが多い。部活動も、地域移行を考えれば、同じ路線に舵を切ることである。学校の活動も週２回程度。大会引率は、自分の子どもは保護者が見ることを原則にする。目標は、2030年度より学校から完全に切り離す。やりたい教員は、自分が住む地域で外部指導者として活動を見る。異動もないので、ずっと行うことができる。週２回程度の活動をやっていけば、民間クラブが立ち上がり、地域交流の目的のクラブともっとやりたい子どもが集まるクラブとすみ分けができるだろう。",99,21
"ヨーロッパのように、地域のクラブチームに移行するべきだと思います。その理由は、指導者の問題です。部活動の場合、育成に素人の教員が片手間に監督（と言うよりも担当者）をやっていることがほとんどなので、怪我のリスクを避けつつ選手としての正しい成長に導ける人材は皆無に近いです。活動の場にほとんど顔を出さない教員も少なくありません。もちろんデメリットもあります。地域に多くのチームを存在することは難しいので、通う負担が大きくなる場合も出てきます。支出が発生することに関しては、「ただだから適切な指導を受けられない、あるいは放置状態」がいいのか、「適切な指導を受け、その対価を払う」ことがいいのかという問題です。本質的には後者が望ましいと考えています。",7,1
"現役の公立高校体育教師です。私はできるだけ早く地域移行してほしいと感じています。学校というのは教育機関の中でも末端の組織です。ほとんど上から降りてくる指示に従うだけです。現場の声というかアンケートのようなものは取られはするものの、基本的には「報告」されるだけです。中学校では、地域移行してほしいという意見が圧倒的に多いと聞いています。しかし、都道府県の学校や機関で部活動に関することの検討をしているのは、恐らく部活動をあまり負担に感じていない体育教師がほとんどです。本当に地域移行する気があるなら、労働条件なども含めて議論しないといけないと思うので、組合や校長会などの現場の教員の中でも影響力が多少ありそうな組織を交えて議論してほしいです。",33,3
"今年度の中体連大会にはクラブチーム所属の生徒が参加できるようになってきています。個人競技はこのようなクラブチームに移行することが割とやりやすいようです。チームスポーツについては学校でできるところは学校単位で、地域でチームを編成する必要があるときは地域でというように競技によっても生徒の数によっても形が違ってくると思います。問題は指導者の確保で、放課後や土日の時間帯で指導できる人は、仕事を退職した年配の方や教員の中で指導を希望する人たちだと思います。費用は受益者負担となるでしょうが、教員には兼業届の提出してもらって人材を確保することが現実的だと思われます。",6,2
"中学校の教員です。この３月で退職し、現在は再任用で教師を続けています。私は長い間、バレーボール部の顧問をしてきました。その経験を活かし、バレーボールのクラブチームを立ち上げることにしました。しかし、地域の生徒も保護者も全く興味を示してくれません。行政を何の支援もしてくれません。非常に辛いです。早く地域移行への階段を進めるようにしてもらいたいものです。もちろん、指導者として金銭を受け取るようなことは一切考えていません。ただし、体育館使用料、スポーツ安全保険料、協会登録費、ボール代等のお金がかかります。行政がバックアップしてくれなければ、保護者負担が増える一方です。国や地域の方々にお願いです。クラブチームにいくらか補助金を出してください。よろしくお願いします。",16,18
"教員が、部活をする意義が薄れてきている。特にスポーツ系の部活では、試合で成績を残すと、進学就職に有利になる。親は、それを期待している面が強い。子どもは、純粋に、夢に向かって努力しているのだろうが。そういう部活は、クラブチームに任せれば良いではないだろうか。芸術や化学、IT系の部活でも、専門家に任せれば良い。その方が、子どもの興味や個性を伸ばせると思う。時代は、変わってきている。",6,1
"賛成です。部活を受け持った場合中学校の先生の負荷は高すぎます。平日遅いだけでなく、休日も参加、さらには休業期間以外では有給休暇も取りにくい。学校の先生は子供たちの人格形成、将来の考え方に影響を与える、すなわち将来の国力に影響を与える非常に大事な職業です。現在収入面も含め優秀な方が学校の先生を目指すとは言い難い状況と思います。部活だけでなく全体的な待遇や採用条件も改善し先生が社会的にも尊敬させる状況ができることを望んでいます。またこれは別の話ですが、40代くらいまで民間を経験した人のセカンドキャリアとして教師や教育委員会に採用されるようになるとさまざまな改善が早くされるのではと思っています。",10,4
"地域移行に賛成です。「親の経済的負担」が課題に挙げれらますが、そもそもが教員の負担軽減策の一環としての施策なので、費用負担の問題は切り分けるべきと思います。①施策の目的である「労働負担の軽減」が確実に見込まれる②少子化の進展により１つの学校で活動に必要な生徒数を確保できない③クラス数＝教員数のため、子どもが本当に取り組みたい競技・種目の部活を作ることが困難な状況・地域が多数ある一方で、教員のなかにも「部活動に携わること」が１つの教員を続ける理由である教員も沢山いると思われます。従って、地域移行においては、教員の「地域活動指導者」としての副業を認めるとともに、地域指導者の選定にあたっては優先的にそのような人材を活用すれば良いと思います。",1,1
"小さい子どもがいて、夫が中学校教員です。今夫が勤務している学校は16時40分が退勤時間ですが、部活の終了時間は18時30分です。帰ってくるのはどんなに頑張っても19時をすぎてしまい、小さな子ども達と触れ合える時間は１時間あるかないかになってしまいます。(朝も早く7時過ぎには家を出ています)土日もどちらかは部活があり、夫は子ども達と触れ合える時間がとても少ないです。たまにお休みの日があると、パパはなんで今日お休みなの？と子どもに言われてしまっていました…。私もほぼワンオペになってしまい、なかなか休まらない日々です。そんな中、部活をめんどくさいと言っている生徒の話を聞き、悔しくて泣きました。なんでそんな子のためにうちのパパが貴重な時間を割かなければならないのだろうと正直思います。教員にも家族がいます。基本的には勤務時間で働かせてほしいです。教員から部活動を切り離してほしいです。",7,1
"中学校のとき、世の中は２４時間働けますか〜、の時代でした。中学の先生はサラリーマンに比べてヨレヨレの服を着ててもいいし、残業が少なくて夏休みもいっぱいでいいな〜、と将来は先生になろう！と心に決めました。教育学部に入りましたが当時は超氷河期で何万人一人しか採用されないと聞いて諦めました。今や教員不足で息子の学校では教頭先生が授業に駆り出されてます。学校の先生方遅くまで残業して、発達支援が必要な家庭もたくさんいて、それぞれに細かく対応してくださっていて、本当に頭がさがります。ご自身にも家庭があり、お子さんもいるのに本当に親身に対応されています。少しでも業務、責任を減らすべく部活動は地域に移行すべきです。",14,1
"私の母校の高校は公立校ながら、毎年県代表に選ばれるほど活発なある部活がありました。部員は3学年で100人を超え、この高校で部活がしたいと入学してくる生徒もけっこういました。しかし、私の卒業と同時に顧問の先生が移動。月に1,2回の外部講師を確保したものの、部は衰退。県代表になることはなくなりました。一方、先生の異動した学校は数年経つと県代表に選ばれるように…。果たして、部活のために学校を選んで、その子達の進路はそれで良かったのだろうか？こういう経験があるので、学業と関係ない部分は地域に移せば良いのでは？と思っています。",71,5
"部活なら学校の活動としてできる範囲で行うべきかと思います。極端な話、土日無し、平日は授業終了後、完全下校まで「顧問への残業代は当然発生」位にしないと顧問の負担ばかりが増えるだけで継続は難しいと思います。こうなると大会で勝つ事は当然難しくなり、一部の保護者、生徒からは不満が出ると思います。部活動を難しくしている所は正にこの点で、大会に出て勝つためにやっているのか、体育以外の活動として行っていてその成果を見せる場所として大会があるのかです。個人的な本音を言えば、部活動など無くしてしまって、体育以外にスポーツをやりたければ地域で個別にクラブを立ち上げ学校とは切り離して活動する事がいいと思っています。こうすれば強制されることなくやりたい人がやっている活動になるので不満が出る余地がありません。学校の活動として行うから様々な思いの人がいて不満が出ると思います。大会のあり方もこの際見直すべきかと思います",4,1
"私が子供の頃に比べ、今の世の中は色々なことに手間や時間がかかるようになったと思います。　これらは個人の権利や主張が守られる時代になったこともあり、それ故に教師としての本業の部分に負担が増えている事は理解しないとなりません。　私は先生方の善意もあり、部活の顧問には恵まれていたので部活を行えたことは非常に良い経験ですが社会に出て思うのは善意で行うことは強要できないということだと思います。　少なくとも教師であれ、社会人であれ労働として行う業務であればその分野の専門家にお願いできるのであれば分業を進めて行くべきだと思います。　また、分業化することで教師である本業の時間が取れることで生徒と向き合える時間が増えれば、虐めなどの問題に取り組む事もできると思うのでそのような教師側でしか対応できない問題などに力を入れてほしいと思います。",11,5
"公立中学でサッカー部の外部指導を15年程やってました。大切だなと思うのは学校との連携かなと思います。校長先生の考え方が明確で部活顧問の先生との連携が上手く行く事が大切だと思います。正しい部活情報の発信やお子さん個別の情報を密に頂ければ現場で対処出来ますので父兄の皆さんも含め円滑な運営に繋がります。",5,4
"先生方には申し訳ない話ですが、地域の者が部活動指導を引き受け、その指導中に生徒が熱中症で倒れて死亡した場合、地域の支援員は何かしらの責任を負わされると想像します。 無償、或いは、ささやかな謝礼で、そんな責任追う可能性があるのに、引き受けてくださる方は少ないですよ。 教員委員会から、指導員の賃金、事故発生時の管理責任体制等、具体的な条件を示して募集しなければ、なかなかボランティアでは引き受けたくないというのが本音です。 それは、今、ご苦労されている先生方なら、安易に想像出来るはず。想像出来ないのは、デスクワークしている教育委員会の人間です。 地域移行という理念は理解しますが、今の日本では引き受け手を見つけるのは至難と思います。",7,2
"部活動指導員をやって3年目です。年間に勤務できる日数があらかじめ決まっています。週に4〜5日、土日の大会などいくとすぐその勤務日数に達します。ですが、私が行かなければその部活動は行えません。それは部活動を見る先生がいないからです。昨年は11月〜3月までほぼボランティア状態でした。生徒は部活動を楽しくやり、頑張ろうとしていたので、そんな生徒が好きで力になりたいと思い3年目も引き受けました。正直これは続けられる仕事ではないですね…",53,7
"田舎で、強いスポーツがない我が地域では、送迎の必要が出てきたり、部費と道具費以外に施設使用料など更に費用が掛かるようなら、子供の熱意次第によっては帰宅部だなって意見が多いです。田舎でも核家族で共働きの家が多く、授業後の時間帯での送迎は難しいし、夏場なら自転車で行けても、冬は降雪地域なので場所によっては自力は無理。結局、お金と時間に余裕がある人でないと無理なのかなーて思います。だからって先生方の負担減は必要だと思うので、スパッと部活も中体連組織もなんなら高体連も無くせば良いと思いますよ。学生に平等にスポーツをする機会を与えようなんてことがそもそも無謀なんですよ。",60,6
"中学はしたい物が無く「取り敢えず」サッカー部に入りました。ちょうどキャプテン翼ブームで山程入部者がいて、小学校で未経験者の扱いが雑。また顧問の先生の教え方が「捨て育ち」そのもの。面白くないので子供なので周りに釣られてサボりがちになる。そのくせサボったらランニング10周など罰則だけはある。お陰で長い間サッカーというものが嫌いで仕方なかった。高校ではしたがった剣道を再開できて、厳しくも楽しくて、輝かしい青春の思い出と言える。部活の嫌な面と楽しい面。両方知ることができた人生です",32,20
"運動部の部活動指導員をしています。実際の経験からの部活動指導員に必要な条件として①競技の専門知識と経験があり、体力に問題がない人②学校の都合に合わせられる人（学校終わり16時～夏休み9時～テスト期間や学校行事での部活のお休み）③遠征や合宿で数日間の拘束が大丈夫な人④不安定な雇用と平均月6～7万円の交通費なしの報酬でも問題ない人⑤上記の条件でも子供の安全や指導に責任を持てる人私も地域移行が望ましいと思いますが指導者やクラブの確保が難しいと思います。上記の条件に当てはまるとすれば、教員を目指して勉強中か退職者くらいじゃないでしょうか。私自身ももう長くは続けられません。また、指導とは別に運営も担うとなれば負担はかなり重たくなるでしょう。個人的な考えは、数校分の指導や部活運営を担う専門指導員を事務か用務員って形で正規に置けると理想的だと思います。",10,1
"質量保存の法則で、労働量は変わらず、人件費も変わらず、ただ働きを受忍していた教員から、教員ではない一般の方に担い手が変更されるということがどうして実現可能なのでしょう。物理法則上、ありえないです。労働量を減らすという意味では、怪我やトラブルなどの管理責任を問わないということがまず大前提。人件費という点では、受益者負担で、部活動に参加する保護者が指導者の人件費を支払う形をとるしかない。こういった条件がクリアされて初めて可能性が見えてきます。",57,9
"部活動の場と指導者を学校から地域へ移動する話が進んでいるようだが、部活動の位置づけをそのままにしておけばうまく進まないだろう。学校外の組織に移行させるなら、学校の教育の一つという位置づけは廃止すべきで、地域のスポーツ組織、あるいは保護者が設置、運営する組織で活動する位置づけにかえた方がいい。中途半端なままで進めるといつまでも教師に頼る意識は変わらない。組織、運営の主体意識を学校から地域組織や保護者、希望者に移行することが最も重要。そのためには予算確保が必要だし、スポーツ傷害保険や組織運営に関する規約など、設置に関する体制整備も必要である。そういう流れの中で、指導者の役を受け入れる教師がいたなら、報酬を貰って兼務できるように法改正もまた必要である。民間のスポーツ施設を使って保護者が費用を負担する児童生徒もいれば、地域組織で地域予算や保護者の一部負担によって活動する者もいることになるだろう。",13,1
"学校での部活動がどういう位置づけであるべきか。ということですかね心身の発育を目的とした活動であれば学校活動の一環として従来通り放課後に活動すればいいですが、競技スキルを高めて優秀な競技者を育成したいというのであれば地域の活動にすべきかと思いますよね。ただ、学校での部活動となるとやはり先生の負担が大きすぎますよ。先生には学校の本来の目的である学業の指導に専念してもらいたいですから。学校の先生が運動の指導もしたいのであれば地域の活動の方にも参加すれば良い。素人先生が顔を出すような部活動は何の得もない先生・きちんとした指導を受けられない生徒共に不幸です。（私の高校の部活がそうでしたから）",2,1
"十数年も前、中学校の頃に運動部に所属してました。その競技が盛んだった国々ではどんな部活をやっているんだろうと思って自分で調べてみたら、そもそもそれらの国では学校で部活などやっておらず、放課後に各自で地域のスポーツ青年団に練習しに行くという形式だったのでビックリした覚えがあります。しかし、むしろ日本の方が特殊な例だったのではないかと最近思います。振り返ってみると80年代なんかは校内暴力の時代で、部活動は生徒たちを統率する役割も持っていたのではないかと推察します。それなら尚のこと、時代の変化に即した形に変わっていくのが自然かなと思います。",33,3
"部活動にはやりがいを感じて熱心に取組む生徒・教員がいる一方、疲弊し苦しむ生徒・教員がいます。部活動は人員や予算付けが無いなどの深刻な問題を抱えつつも、肥大化し続けてきました。「生徒数減」と「教員の働き方改革」は勿論、様々な観点から様々な意見が出されるべきです。 　これをお読みの皆様は、教員の犠牲や強制労働の上に成り立つ部活動を是としますか？教員の長時間過密労働は今や社会問題です。その結果、全国で教員不足が深刻化しています。特に中高では、部活動がその大きな要因です。地域移行に舵を切ったのは遅すぎるぐらいです。課題山積ではありますが、一刻も早い移行を望みます。もう「移行できないから学校で担う」という選択肢は極めて厳しいのではないでしょうか？現状ですら、部活動数や活動時間の縮小が必須でしょう。 当会は少なくとも、「望まない教員が部活動顧問を強制されてはいけない」と考えています。",21,1
"地域でとなるのはその部活に所属してる子供やその親御さん、そして学校や担当するクラブ施設なんかが考えればいいとは思う。ただ、もしその部活で事故が起きた場合、どこが責任を負うのか？というのがわからない。学校の部活動であれば、学校または教育委員会が主体となり原因究明などの対策を講じるとは思うが、もし学校外の部活で事故が起きた場合、その施設側が責任を持って原因究明をするのだろうか？むしろそこを使わないようにするというだけで、問題自体を終了させてしまう気もする。事故ありきで初めから話をするのはどうかと思うかもしれないが、その辺りもきちんと取り決めていくべきではないだろうか？",21,9
"学校の教員による学校での部活ならば、部活動専任教員を雇うべき。それが出来ないのなら廃止でいいと思う。小学校まではやりたいことはお金を出して外で習ってきたのに、なぜ中学校に入ったら教員がするのが当然だという話になり、中学校に部活がないと貧しい家庭の子は運動が出来ないと言う人が出るのだろうか。小学校まではお金を払い、中学校に入ると無償で受けられるのが当たり前と思われていて感覚がおかしくなっている。さらに部活では顧問の暴言暴行もある程度許されているところもあり、また上級生からのイジメも多いが、部活になると自殺でもしない限り問題にしてもらえない。授業中にやればクビになるようなことも黙認されることも多い。部活は異常なので即地域移行または廃止してほしい。私は元教員、現夫教員部活顧問です。",70,6
"子どものうちひとりは学校の部活動（吹奏楽部）でお世話になり、もうひとりは地域のクラブチーム（サッカー）でお世話になりました。昔は「全員どこかの部に所属せよ」という方針だったのが希望者のみになり、地域への移行でそのクラブチームも受け皿の一つになるべく準備中です。ただ「学校から手放す」ことについては教育委員会等は熱心なものの「受け渡す」ことについては当市ではほとんど興味がないようで隣市とのサポートの差が大きいです。「もっとメリットをくれ」というのではなく、移行問題を一緒にFixしていこうという働きかけをしているのですが、教員OBの方が新規に立ち上げる受け皿団体以外との繋ぎの協力がほとんど得られない感じです。感じているのは「この件では学校は移行に協力しているが、教育委員会の当事者感が圧倒的に不足」「教員OBで部活を手放したくないひとたちが教員以外と繋がりたがらない」問題です。",8,2
"部活動は文化部、運動部ともスポーツ等技術指導だけでなく、部活動に関わる様々な業務、事務、運営等があります。 練習計画作成、安全対策（ケガ対策）の作成と実施、大会等参加の名簿作成・申し込み・引率計画・宿泊計画、校外で練習する場合の場所の確保と調整（場合によってはお金の支払い）、様々な部活動に関わる物品の購入及び管理・修繕、欠席者の確認と連絡、場合によってはケガの応急処置、練習試合（会）を行う場合は相手校顧問との連絡調整。 多くの顧問は大会の企画、準備、運営に審判（審査員）片付けもします。 全部員の名前を覚え、人間関係の調整、部員の悩みを聞くこと、レギュラーと非レギュラーの決定と伝達、部長への指導、部長のフォロー、保護者対応。 部活動顧問はかなりの時間、労力、能力、調整力が必要です。 スポーツ等の技術指導だけではありません。 そして困った時に「先生お願いします」ではダメなのです。",121,6
"元公立高等学校教員です。　学校単位のチームが前提で、支部大会→全国大会というような中体連・高体連の「公式戦」があることによって、「勝つための部活動」が進められてきたのではないでしょうか？　その中において、顧問は「有能な競技指導者」であることが求められ（暗黙であっても）、多くの専門外顧問教員は精神的に苦痛を感じてきたのだと思います。　また、私立学校や一部の公立校でも、「強豪校」であることを謳い文句に生徒募集をしている現状もありますね。（私立学校は、一つの企業体でもありますから、それはそれで良いかも知れませんが…）　個人的には、学校の放課後スポーツ・文化活動は、昔行われていた「必修クラブ」みたいな「ゆるい活動」にして、専門的にやりたい生徒は学校外のスポーツクラブなどに加入し、大会出場を目指せばよいと思います。　今ある「学校の部活動」を、いったんゼロから考えなす良い機会だと思います。",10,1
"元教員です。批判覚悟で書き込みます。別に部活が嫌だから教員にならないという学生は少ないのではないかと思います。もちろん、運動が苦手な教員もいますが、「部活いのち」という教員も案外多いものです。私が、野球部の顧問をしていた時、一緒にやっていた先生は、元甲子園球児。しかし、プロにはなれず、今後も野球に携わりたいとの思いで教員になったと語っていました。世の中、そのような教員ばかりではありませんが、部活というのは、生徒指導の一環でもあるのです。教育的に大きな意味があります。部活無いと学校は塾と変わらなくなります。労働時間や部活云々いう学生は、最初から塾講師を目指せば良いだけです。そうでないところに公教育たる教員の矜持があるのです。もう少し書きたいのですが、字数制限のため、この辺で。",2,2
"教育の一貫でないのであれば、切り離すべきです。当然、内申書にも反映すべきではない。教育の一貫ならば、教員で適切に対応すべきです。しかしながら部活だけでなく副教科と呼ばれる科目は評価が難しいのではないでしょうか。音符が読めなくても音楽の才能があるひと、美術などは生前評価されず没後に高く評価される人など様々ですから部活同様評価しない方が良いと思ってます。",23,12
"職場のあるべき姿は、「労働基準法・給特法」に定められています。学校も教員にとっては職場です。ですから、勤務時間外にはみ出る活動の是非など、検討に価しないのです。「法的に問題なく運営できないから部活は維持できません」でおしまいです。子供がどうとか、熱意がどうとか、労働基準法を超越する理由には全くならないのです。",68,2
"60代ですが、中学生の時は「弓道部」で、当時は土曜日も授業はあったので、その午後は活動はありました。指導をするのは、全て１つ上の先輩で、平日を含め先生が指導したり、顔を出すことはほとんどありません。先生は週に1回程度帰り際によって、挨拶をして終了というのがお決まりのパターンでした。他の部はどうだったのかは知りませんが、当時の子供から見て、先生の負担はそれほどなかったのではないかと思います。途中から２人目の先生も増えましたが、市内大会のときなどに、引率するくらいで、指導に顔を出したりはしません。表向きしかわかりませんが、それでいいのではないかと思うのです。先生がつきっきりで指導をしなければならないので、負担が多い。土日も含め、活動するなら生徒だけでできないのでしょうか。弓道なのである意味危険を伴う競技ですら、そのようなやりたかでした。",1,1
"そもそも、部活動が必要なのかどうかという議論が先では。私は部活動で貴重な経験をしたと思っているので必要派ですが、部活動について議論するならまずはそこからだと思います。あとは、部活動のレクリエーション化、生涯スポーツとしての部活動への変化が必要だと思います。課外活動になんでそんなに精神すり減らす必要があるのかと思います。レクリエーションで良いじゃないですか。半年ごとに自由に種目を変えられるとかね。",4,3
"吹奏楽部でした。私は吹奏楽に出会わなければ、楽器や音楽に触れる機会も無いままだったと思います。楽器は安いものではなく、特に大きな楽器などは何百万円します。簡単に買える家庭はほぼ無いでしょう。特に打楽器は様々な種類があり、曲によって必要なものも違います。学校側が楽器を貸してくれれば良いのですが、(ほとんど無いとは思いますが)壊してしまった時の弁償代は高くつきますし、普通に使っていても定期的にメンテナンスが必要です。これらの修理、メンテナンスの費用はこれまで、学校側が出されていたものが多いと思います。木管楽器のリード代も、学校で買えば安いというケースもあったのではないでしょうか。以上から、経済的な補助が得られない限り、入部のハードルは上がります。また、騒音問題から、練習場所の確保も課題となるでしょう。子どもたちの経験の場が減らないことを祈るばかりです。",10,3
"日本では、災害時だけでなく日常の自治会活動など本当に賃金の発生しないボランティアが多すぎる。今回の外部指導者にしても生計がたてられる金額ではなく、仕事を持っている人は活動しにくい。ボランティアにしっかりとした賃金を支払える仕組みを作ることはできないのかと思う。各企業からの寄付や個人からの寄付、場合によっては税金の投入など。様々な指導員資格を持っている人が、その資格によって生活ができるようにならなければ、成功しない。クラブに所属していない一般の方で指導員の資格を持っている方は沢山いる。でも、みな部活指導には二の足を踏んでいる現状がある。外部指導者と教員の打ち合わせも行うようだが、それこそ教員の負担。中体連や高体連も解体。しっかりと外部指導者にお金を払うか、部活指導したい教員に残業手当をちゃんと出すか、教員に副業を認めてクラブでの指導者になってもらうか、いずれにしてもお金が必要である。",7,1
"地域移行には賛成です。そもそもの部活動強制がおかしいなと思ってました。また、教師等が顧問をすれば人件費無料という発想が不自然であります。しかし、現実としてこれまでの部活動のような活動機会はとても意義があると思ってますので、地域でそのようなクラブを支える仕組みが大切だと思います。それには助成金等を投入することも必要ですし、施設場所として学校側の協力も必要だと思います。また、クラブ活動では保護者の協力も必要です。そういった意味では、当該自治体も交えた地域包括的な組織も必要ですし、最大学校の数だけクラブが設立できるところまで見通しが必要だと思います。子どもがクラブ活動を通じて、夢や希望、あるいは人との交流、そういった教育的側面のみならず、健康面においてもその下地づくりは大変ですが、これまで教師の悪い慣習に支えられたものをしっかりと考えることが必要です。",3,1
"身内が中学教諭で顧問もやってます。側から見たらその休めなさは異常です。企業勤めからは考えられないほど、超ブラックにみえます。年末年始くらいしか確実に休めないんです。ただ、本人は顧問の活動に全力をかけているので生きがいなんだと思います。というかそのくらいの人じゃないと何十年もあんな仕事続かないんだろうなぁ。だから顧問は基本地域の方が教えるベースで良いと思うけど希望があれば先生にやらせてあげる道も残して欲しいと思います。",41,24
"PTA会長から外部講師になって２２年目になります。当時は、５０００万円事件の余韻もあり、部活でシゴいて非行の芽を摘むといった側面もありました。その頃から、先生方の書類仕事の多さには、驚いておりました。働き方改革云々が言われだした時、部活が槍玉に上がりましたが、その頃、見聞きした限りでは、部活だけではなく、「昔の偉い先生の発案のアンケート」なるものが数多くあり、その対応に若い先生方は追われていた。それこそ、部活を終えてからその書類整理に時間を取られ、帰宅するのは深夜などという話をよく聞きました。そのおかしなアンケートはそのままに、部活だけを悪者にして、今では教育大学ですら、先生をめざす学生に、部活をやりたいと言わせないような教育をしているそうです。また、採用試験の面接で「部活をやりたい」と言った学生には「君の考え方は古いね」などと言って、採用されなかった事例も聞いております。おかしいと",1,1
"これは歓迎だ。すべての人を幸せにする流れだと思う。教員の負担は減り、専門の指導者からより本格的な指導を学べる生徒も幸せだろう。地域間格差は課題であると考えるが基本的のは解消できると考える。あとは指導者への報酬の問題が横たわる。指導者をどのように評価していくかだ。私も外部指導員を長年やってきたが、スズメのお涙程度の報酬であれば引き受けないと思う。今後は選手のセカンドキャリアの一つとなれば、現役時代に安心して競技にも打ち込めるのその面においても理想的と考える。フルタイム雇用に拘るのであれば、午前中は年配者の予防医学のためのクラスや教員サポート業務などを持たせればいい。指導者を片手間でできる人を探す方が現常難しいので、フルタイム雇用にするべきだ。",9,4
"今は部活の種類が減りすぎて、選びようがありません。中学の部活は仲間や上下関係を経験する貴重な時間ですので入りたいのはやまやまですが、種類が、、、先生の負担を考えると増やすこともできませんし。地域と連携して種類を増やしていただけるなら、運動できる子もできない子も選択肢が増えて、好きな事が一緒にできる仲間が増えて教育的にもいいと思います。後は誰がその外部の活動を管理し支えるか、という土台作りが大切ですね。習い事と同様にと考えるなら予算がかかりすぎるでしょうし。大会への参加や練習試合組みなど、横の連携もかなり必要です。今の部活動システムへ育てるにはなかなか時間がかかるでしょうし、問題も沢山おこるでしょう。文科省や教育委員会が諦めることなく責任持って最後まで進めて欲しいですね。",12,21
"早期移行は物理的に難しい。あまりに課題が多いから。特に地方では、共働きだと送迎不可能だから、学校ごとに練習会場までの移動手段を確保する必要がある。移動に時間がかかる場合、その学校の生徒はどんな地域チームさえ入れないって可能性も出る。人がまだたくさんいて、子供がチャリンコで行ける範囲に地域チームがいくつもできる都会の物差しで、全国一律の導入は不可能。現に田舎の教師は地域移行に反対してる。「面倒見るから残業代くれ」ってのが教師の本音だと思うし、そこにきちんと手当てすればいいんじゃないかと思う。",6,9
"この施策を成功させるためには、初期費用の補助が必要。活動場所の確保の他、共通で使用する道具など、一番最初に参加した人が負担となると、後から参加した人が得する。というのは、ちょっと納得いかないと思う。こういうことは、最初の設計の中に入れておいてほしい。",16,3
"中体連、高体連の大会や高野連主催の高校野球大会もそうですが、その開催準備から運営に至るまで教員が現状関わっています。地域移行しても、大会がある以上は何らかの形で関わりが残るのではと思っています。地区大会、市大会、県大会、それが春、夏、新人大会とあったりして、本当に大変です。そういう裏方的な部分も緩和されるのか心配しています。",20,1
"学校単位から地域単位に変更なのであれば行政の支援で出来るのでは？指導者も行政が呼んで、費用も行政から出せば良い（個人使用の物は個人負担）。場所も野球と華道は第一中学校、サッカーと吹奏楽は第二中学校とかでなんとかなる。各大会も自分の町が出るってなれば地域も応援するし活性化にも繋がるかもしれない。",70,33
"中学生の保護者です。田舎は電車やバスなどの移動手段がなく、自転車で移動できない距離だとやりたい部活ができない可能性があります。豪雪地帯でもあるので生徒自身での移動だと、天候によっては通えません。保護者の送迎は、共働き世帯が多い地域なので多くの世帯で難しいです。移動に時間を取られる子と取られない子も出てきますし、部費がかさむようであれば部活ではなくクラブチームに入るような感覚になります。貧困世帯は何もできなくなるのでは？また、今の顧問の先生は部活指導がしたくて教員になったとおっしゃっていました。外部移行でも、希望があれば教員が指導できるのでしょうか？学校内での教員と生徒のコミュニケーションとしても部活は学校内の方がいいと思っています。広い日本で都会も田舎も同様の対応ができると思っているのが間違ってるのでは？コロナ対応は各自治体に丸投げしてたのに…",8,3
"学校の教員や事務職員の数を増やして教師の負荷を減らすとともに適正な給与を支給する。もちろん部活にも。その上で指導者がいるものは段階的に地域に移行して行く、という方法はどうだろう？但し指導者も永続的にいる訳ではないので、いなくなったらどうするか。そこも事前に考慮しておく必要があるだろう。全ての地域で全ての部活が移行できるとは考えにくい(特に地方の市町村)ので、生徒達がやりたくても指導者がいなくてできない場合はどうするのかも考えておかないと、地域格差が広がるだけではないか。",3,3
"学校の部活は顧問や監督の指導力・技量によって子供の成長に差が出てしまうという弱点があります。よい先生のいる部活に所属できるかどうかは運の要素が大きく、個人の才能が開花できなかった子が多いのではないだろうか？地域でより専門的な指導者の下に子供が集まるようになれば、こうした問題を低減でき子供の可能性を広げられると思う。大会で勝ち上がると校舎に横断幕が掲げられて宣伝されるけど、学校の為に子供がいるのではなく子供が主役でなければならない。",22,9
"中学1年の息子が昨年までバスケ部に入ってました。今年から地域移行になり　幸いにも部員の保護者がバスケ経験者で指導してくれるようになりましたが　急な事で子供達と保護者は混乱しています。学校や先生方から見放された喪失感がありながらも大会にむけ練習に励んでます。先生方の負担もわかりますが　地域移行するにも段階をふんで移行してほしいとおもいます。子供達を一番に考えて欲しい。",8,29
"大局的には、地域移行は必要なことだと思います。ただそれが、果たして子供達のためなのか、とりあえず部活動を無くさないためだけの策なのか、曖昧に感じることもある。先行して議論されていたスポーツ系の部活動ではなく、吹奏楽部など文化系でコンクール・コンペなどある部活だと、また事情も変わる。例えば吹奏楽の場合は、地域移行の際は地域の楽器店・音楽教室等が関わることが想定されるが、高額の楽器購入において、学校という第３者視点がなくなる。また、運動系・文化系ともに、ジムや教室などの会社が関わることで、今以上に子供に競争を強いる環境も生まれかねない。現状の学校教育の中に部活動があることは、ブラック部活を除いて、子供たちの利点でもある。教員負担という点では確実に地域移行を進めた方が良いだろうとは思う。それが巡り巡って子供の利益になるのだろう。しかし、その方法そのものが、子供の不利益になってはいけない。",11,19
"既に問題になっているように、教員の負担も考えたら、もちろん進めていくべきだとは思う。そこについては異論はない。ただ、地域移行を進めるのならしっかりとした準備が必要だろう。逆にそういった準備が整っていない状態で進めてはいけない。それでは生徒にとっても百害あって一利なしだと思う。教員の負担軽減は一番だが、生徒のことも少しは考えないといけない。例えば無理に地域移行を進めて、暴言や一部の部員を贔屓するような質の悪い外部コーチが入ってきたところで、生徒のためにはならない。そういった準備が整えるべきだろう。",27,21
"部活動で子供が活動する時間が働く親の安心になったりすることは理解できる。それでも部活動を教師が管理するのは止めた方が良いと考えます。やはり部活動の運営は教師に負担をかけすぎる。もちろん全然大丈夫だし、むしろ生きがいですという教師もいるでしょう。それは例外と考えないとおかしなことになる。部活動も労働時間です。教育者という言葉でごまかしてはいけない。子供の数も減ってきて部の数だって維持するのは大変でしょう。民間の運動・文化サークルや有料施設に参加するのは子供の為にもなるのではないかな。以上のことから地域に移すというのは賛成。",21,2
"現職教員です。すべて地域移行は無理だと思います。メジャー競技はいいですが、マイナースポーツは？文化部は？どうするんでしょうか。1番いいのは、兼職兼業を認めて、やりたい人には部活の指導をさせて、お金が入るようにすればいいと思います。担任にしても部活指導者にしても、差をあまりにも付けないのも問題かと思います。また教員の仕事ってなかなか代わりがきかない仕事だと思っています。だからどれだけ人を増やしても、例えば1クラスの人数を30人にしたり、小学校なら教科別に授業やるくらいでないと、人を増やしても、やらない人を増やすだけなような気もします。",52,14
"外部に委託するのと同時に、指導したい教員が手を挙げる形も残してあげて欲しいです。私個人は、思い入れもないし、部活動を指導したくて教員になったわけではないので待とうとは思いません。しかし中にはそれがやりたくてなっている方々もおられます。その様な方々は、辞めて外部指導員になればいいと言う声もありますが、少し乱暴かなとも思います。大切な事は、部活動は生徒の自主的な活動である。そのため、教員が束縛されるのはおかしい。部活動に関わらないのも、関わるのも、教員が選択できる。関わらない教員は数多くいるので、外部指導員は必須。最後に大切な事して、部活動に関わる、関わらないは、教員の業績に影響しない。（やる方は、好きでやっていますからね）こんな感じなのかと思います。",6,9
"友人の子供が中学に入ったら野球部に入ると言っています。理由は今6年生　野球に興味をもったのが5年後半だから今さら少年野球に入るのは・・・っていうものうちの地域はガチで中学野球をって思っている多くがシニア等の硬式にいきます。部活はガチな子から初心者まで幅広く受け入れることになる。地域移行になった時に危惧するのはそこに初心者の居場所があるのかなってことです。学校の部活よりは敷居が高くなってしまうので、競技人口の減少につながる可能性はないだろうかと思ってしまいます。",4,7
"部活動の受け皿としてではなく、小中高生年代の育成を視野に入れた活動組織を行政が関与した形で作り、部活動そのものは廃止にしていかないとダメだと思います。大会を視野に入れた民間企業が関与してしまえば、子ども達獲得のために勝利至上主義になるのは目に見えています。早い話、私立高校の部活動でそうなっているところは結構ありますから。",13,1
"地域に移すことに賛成です。自分の担当部活の生徒を先生方が特別扱いとまではいかないが優遇していると感じる時があった。だいたい主要教科の授業は基本全国統一のサテライト授業にしてフォローだけ先生でもいい。先生のあたりによる不公平もなくなると思う。友人の給与を聞いたが、教員は時間でみれば薄給与かもしれないが、普通にみたら一般公務員より結構高いと思う。実は報道では仕事が大変で休みがなく薄給と思っていたので驚いた。",5,5
"スポーツに限らず、学校で指導できないことを学校の教師たちが外部に丸投げすることなんて普通にあります。普通にあるどころか、各種スクールやお稽古事のカリキュラムなんて知ったことではないといった態度で学校行事の手伝いを地域にあるスクールに無償でやらせるのが当たり前といった感じです。外部に委託するならきちんとした報酬を支払わないといけませんし、教員が大変だからとボランティアのように外部の人間を扱うのはどうかと思います。できないなら協力を得ることも必要かもしれませんが、辞めるなど精査する必要があるのではありませんか？スポーツや芸術、特殊な勉強は学校じゃないほうがかえって能力を成長させてあげられますからね。",17,23
"部活動を地域のクラブチームや道場に移し、中体連の大会に出場できるようになったようですが、登録するのに責任者のヒアリングや研修さらに費用が４～５万円必要になります。誰が負担するのでしょうか？団体競技であればともかく個人競技の場合、一人あたりの負担が大き過ぎ。子どもたちにスポーツを続けさせ、それぞれの競技の裾野を広げたいが、教師の負担が大きいことや指導者不足のための改革なのに、なぜハードルがこんなに高いのでしょうか？",10,3
"「地域移行」大賛成です。私自身学生時代は部活動に励んでいました。小学校の時は地域のさまざまな学校から選抜された児童で結成されたチームに所属しておりましたが、中学に上がるとそれぞれの学校の部活動に所属しなければならず、単純に考えるとそこで戦力ダウンするはずです。当時はそこに少し違和感を感じていた記憶があります。また、監督やコーチにおいても小学校の時は県大会常連の監督、コーチ総勢5人体制だったんですが、中学校では担当の先生と副担当の先生の2人体制になり、人数もそうですが、経験の差も明らかにあり、こちらも違和感がありました。ほぼボランティアで引き受けてくれている教員の皆様にご負担を与えていることもその通りなのですが、これからの子供の成長のことを考えると「地域移行」をして、もっと高いレベルでプレーできた方が、高みを目指す子供にとっては幸せなのではないかなと考えます。高校もやった方がいいよ",3,1
地域移行はとても良い事だと思いますが…平日の部活動時間に融通がきく人って……という人も多いです私も小学生のスポーツ指導してますが、ボランティアで変わった指導者が一定数いることも事実子どもを理由つけて連れ回したり、何故か女子しか教えたくないというおじさんだったりまた、学校からお金を払って教えてもらう場合、それなりの資格、経験がないと保護者からのクレームも来そうですし、同じ区市内で差がついてしまうと問題になったり…いろんなハードルがあるかと思われます,5,1,,,,
部活の地域移行には大賛成です。子供が中学校の運動部に入っています。公立中学校の場合学校が選べないため、良い顧問がいて子供が成長できるかは運次第です。我が子の学校の顧問は部活に参加せず、毎日自主練習のみのため、上達したい子供達は全く指導を受けられないことに不満を持っています。熱心な顧問のいる学校は、学校対抗の大会でも常に上位にいます。地域にクラブチームがあれば行かせたいと思うのですが、交通の便がとても悪く車での送迎が必須のため、共働き家庭には難しいです。どうにかしてこの環境格差が解消しないものかといつも思っています。,3,3,,,,
学校の事情、周りに部活をやりたがらない職員がいることによって受け持つ部活を変えられてしまう者がいることを知ってほしい。数年かけて得た、その競技の練習のノウハウ、それを得るために勉強してきた時間、顧問同士の人間関係全てパーです。部活が大切だとおっしゃる方は専門外の部活を持ってみてください。全く知らない世界で、生徒の方が自分より出来る中、１から学んでいくことがどれだけ大変か知ってほしい。特に体育の先生方、文化部を持ってみてください。それでも部活やりたい。大切だと言えますか？私は、毎回もっと専門性のある人が顧問だったらもっと生徒たちは伸びるのに…とずっと自己嫌悪に陥ってます。だからこそ、地域移行して、専門性のある方が指導することを望みます。そして、専門性を持っている方が教員を選ばなくても高校生を指導できる社会を望みます。,3,1,,,,
地域に移行するとかじゃなくて、部活動自体をなくせばいい。何かしたいものがあるのなら、月謝を払って習い事をすればいい。今のように、部活動の成果によって高校進学が有利になる制度はなくなった方がいいと思う。どの高校に行くかで将来は大体決まる。子供に大切なのは勉強で、勉強する時間をもっと増やしたほうがいい。,30,5,,,,
部活に強制加入させられ、かつ指導に教員が駆り出されるのは日本ぐらいなもので、外国では地域のスポーツクラブなどと共同で行うか、部活という概念そのものがない教員への負担が重すぎる現状を変えるためには地域と共同型にするか、部活そのものをなくしても良いのではなかろうか,35,2,,,,
高校教員です。自分の子どもはもう成人し、普段も自由に生活しています。現在、男子の運動部の顧問をしており、私も長年同じ競技をしているので、一緒に練習に入ることもあります。監督は男性、コーチの私は女性。役割分担をしながら日常生活についても指導しています。高校生男子達ですが、学校のことから私生活まで何でも相談してくれます。多分、保護者の方にも言えないことも話してくれていると思います。もう、家族みたいなものです。他の仕事で部活に出られない日は部員の顔が見られなくて寂しいです。地域移行するならば、こういった関係性も、もう築けないでしょうね。,5,14,,,,
私の子供が通っていた小学校のサッカーチームや野球チームは、校庭を無償開放して地域のボランティアが教えていた。中学、高校でも有名校や私立は相応の方が指導しているように思う。（吹奏楽で有名な〇〇先生など、その筋では有名な教員）その点でいうと、外部の人に謝礼を払って指導してもらうというスタイル、学校は場を提供するだけというスタイルは、合理性があると思う。教員は授業などに専念し、サービス残業の権化である部活より開放しなと、先生の成り手がいなくなってしまうと思う。また、指導者不在でも同好会で十分という生徒もおり、少なくとも先生の負荷を減らす意味で賛成。,10,2,,,,
先生達の負担を減らさなくてはならないのは大前提。ただ住んでいる地域によっては学外の環境が整っていないこともあるし、(特に金銭的な問題で)習い事をやれない子供達に取って部活がいい機会になっていると言う現実もある。一律に全国で一気にナシにできる訳でもないと思う。あと何か部活に参加しなくてはいけなくて、運動が苦手とまではいかないから運動部に入っていた層ってそこそこいると思うので、子供達の運動不足が心配。じゃあどうしたらいいって聞かれたら明確な意見は出せないですが。,3,1,,,,
地域の指導者に任せる。その前にその指導者の選出が必要です。そしてその指導者の選出方法などの確立が必要だと思います。指導者の講習会で、適正を判断しなければなりません。技術面では、各プロスポーツ団体からの協力も検討すべきだと思います。文科系も同様だと思います。そこまでするには、かなりの財源が必要になります。文科省に期待します。,1,1,,,,
月火水木金土日祝祭日大会の全ての部活動を完全に学校教育から切り離す事が最適の着地点と考えられます。「部活動には経験格差を埋める」ということはありません。むしろ逆です。雪の降らない地域の人にしてみれば「スキー部をしたくても出来ない」にも関わらず経験の格差は決してうまりません。例えばピアノのレッスンを受けたいけれど、お金がかかるからと言って「ピアノ部」はありません。「ピアノを弾ける様になりたい」人がピアノのレッスンを有料で受けるのは当然です。ですので、身につけたいことをお金を払って行う事が望ましいと考えられます。部活動の活動全てを地域社会での活動へ移行する事が最終的かつ合理的な着地点となるものと思われます。その方が地域で活躍する人も増え、地域が活性化するものと考えられます。そして「あの地区はあの活動が盛んななんだよ」となれば長期休みなどに全国から人が集う様にもなることも考えられます。,10,3,,,,
地域移行は別に良いと思います。問題は部活動がサークル化してきていると思います。息子の学校だけかも知れませんが、挨拶が出来ない、ダラダラしてるなど昔と比べると目立ちます。今は時代が違うと言う人もいます。しかし、部活動も教育の一環であるなら、挨拶や取り組む姿勢の根本が無ければ部活動は無くても良いとさえ思います。,7,2,,,,
音楽系部活動の地域移行を検討する前に、国がはっきり判断を示しておかないといけないのが「演奏権料の支払い」についてだ。これ、気づいてない人が多いんだけど、音楽教室で先生が生徒にお手本を見せるのは「公衆に聴かせることを目的とした演奏行為」に該当するのでお手本の演奏時間に応じて演奏権料を支払う必要があるという判決が出てJASRACが音楽教室から演奏権料の徴収を始めてる。部活は、学校が非営利組織で、生徒から名目を問わずいっさいのお金を徴収せず、先生に名目を問わずいっさいの報酬が支払われていない「非営利・無料・無報酬の同時成立」なので演奏権が及ばないから演奏権料の支払いは不要なんだけど、地域移行して指導者に交通費とかなんらかの謝礼を出すなら無報酬じゃなくなるから演奏権料の徴収対象になる。部活指導者のお手本演奏に演奏権が及ぶのかどうか、国レベルで統一見解を出しといてくれないとあとでもめるよ。,11,1,,,,
部活動は教育課程には含まれない学校長判断の元で行われる教育活動であるという前提がある。これを民間に移行するというというのだから、かなりの荒技であるに違いない。実際に移行期間の初年度にあたるが、現状は1歩も前には進んでいないと感じる。文科省〜スポーツ庁〜全国中学校体育連盟〜各都道府県の中学校体育連盟〜学校長〜専門部長〜教諭。こう降りてきている策が原型をとどめていない。結果的に先生達の働き方改革の皺寄せが地域スポーツに従事する指導者へ来ているだけ。としか考えられない、とこの1年目は思う。加えて、上からの指示でしか動けない、現場（地域＋部活）の意見などは取り入れてももらえなくて、右往左往している先生方とこの問題に振り回される生徒や保護者は支援してもらえない金銭的な問題に頭をかかえることになっている。建前はキレイ言で繕っているが、面倒なことは地域へ移行してしまえ！という匂いがプンプンする。,4,1,,,,
中学校に野球部がなくて地域の野球チームに所属していました。遠征なんかで遠くに行けて強いチームとも対戦出来ていい思い出です。監督、コーチも野球を良く知っており、色々な野球の事を教えてもらいました。勉強そっちのけで野球に集中出来たので、本当に楽しかった。,11,10,,,,
そもそもなぜ部活に入らないといけないのか。非行に走らないためとも言われている。自分がやりたいものは、学校の部活にはなかった。非行にも興味はなかった。一方で教員の中には、その種目が好きで、情熱的に指導している先生もいて、それはそれでいいと思う。行き過ぎた指導がなければ。外部からの専門指導員についても、教員の負担も減るし、部のレベルも上がるのなら、もっと普及してもいいと思う。ニュースにあがるような変な人が来なければ。自分の得意な分野が学校の部活にない場合は、無理に部活に入らなくてもOKにしてほしい。,46,4,,,,
勝利至上主義の部活動であるなら、地域または近隣にある既存のクラブチームでの活動にとりあえず移行すべき。実際、オリンピック選手では、卓球、体操、硬式テニス、ゴルフ、フィギュアスケートなど中学校の部活動にはなく、個人やクラブチームに所属して強くなっている競技もある。地域になければ、遠くても通わせている保護者も多数いる。文化的活動も、地域でやっている団体で、やっていけばいい。学校の部活動のように、近くて、無償でやってもらえるなんていう人任せな考えは古い。そこにお金を落とす人が増えれば、雇用も増え、経済も回っていくのではないのか?見方を変えれば、お金になることを公教育で無償でやっているから、クラブチーム経営も難しいというのが現状なのでは。もし、競技や文化的な活動に触れる機会をつくる(非勝利主義)という趣旨であるのなら、かつて、週1時間（50分）あった「クラブ活動」の時間を復活させていけばよい。,28,8,,,,
子供にかける国のお金が他国に比べて少ないと言われてきたけど、それを児童手当として家庭にまわしている事自体方向性が違う。教員が部活動を教えていてもいなくてもキチンと残業代は支払うべき。教員が行う場合は無料で地域なら有料？　ちゃんちゃらおかしい。部活動として続けるなら予算組んで学校、地域関わらず、有料無料にするかを話し合えば良い。いずれにせよ、既に有料で行っている様々な活動とどう折り合いをつけるかの方が問題。大体他国と比べて子供にかける予算割合が少ないという報道は時々聞くが、多いというものは聞かない。予算が多くても日本社会に好循環に繋がっているのなら構わないが、どうなっているのか。そういうところも報道してほしい。そして無駄に多い予算を少子化対策や他に回せばよいこと。ま、予算が多いのは利権絡みばかりになりかねないけどね。,4,2,,,,
長年スポーツ少年団の監督と中学校の外部コーチをしています。顧問は若干の手当が出ますが外部コーチは完全ボランティアです。専門外の顧問なので休日の練習は休めず大会も2日間張り付きです。そもそも今の外部コーチもそこまで責任を押し付けられたら続けられる人は限られてくると思う。私の場合、サラリーマンなので副業と認定されると金銭面ではありがたいが、土日が仕事と扱われると労働基準法にかかって本業での勤務時間を減らさないといけなくなる。コメントに続きます。,7,1,,,,
２０年前に部活をしていた者です。あの顧問のスタイルは最先端をいってたんだな。土日自主練。長期休み自主練。平日メニューを黒板に書いておき部長中心にメニューをこなす。顧問なし。これでも全国や関東に出る子いました。メニューだけ考えてくれたらあとは生徒が勝手にやってくれます。大会だけは来てもらってあとはノータッチでもいい。,5,2,,,,
自由参加が前提であれば、部活動そのものは良いことだと思います。一方で、顧問になって子どもたちを専門外の分野で指導すること自体に無理があるし、本来の仕事ではない。しかもそれが過重労働につながるなら、専門であっても法令違反の原因にもなってしまう。地域への移行の是非はともかく、教師との分離はやむを得ないだろう。ただし保護者負担が生じるのは良くない。親の収入などにより部活動に参加できない子供が出てくる。謝金は教育委員会が出すべきでは。,4,5,,,,
何かを始めたら何かを失うってことを考えなきゃ行けない。ガッツがあれば、なんでもできるって考えて、うまくできなかったらやる気がない…って社会はもうたくさん。部活を続けたら、学力が下がる（例外があるけど、その例外は例外だから…）のは、当たり前。教員の仕事は増えるのも当たり前。ジワジワやめずに、一気に切り替えるべき。,9,2,,,,
部活の地域移行には概ね賛成です。個人的に問題だと思うのは、受け持った部活動の競技などをやった事ない先生が受け持ってる場合は、地域の経験者に指導してもらった方がいいです。ちゃんとした指導者がいる所は今の部活動の形でもいいのではないでしょうか。というのも、小学生から高校生まで同じ競技をやってましたが、小学生から所属してクラブの先生方はあくまでボランティアで楽しくやろうって感じで、弱かったですが、中学生になって大会なども増えて勝ちたいと思った時に中学の指導者のレベルが低く、部活終わりにそのまま地域のクラブの大人と混じって練習してました。高校は打って変わり競技者として全国レベルの方の指導を部活動で受ける事出来ました。それで自分が伸びた経験もあるので一概に全ての部活動を地域に移行するのは違うなと思います。,4,1,,,,
私は、子の保護者としても他人の子供の指導者としても経験があります。義務教育は、どんな人でも一定の教育が受けられること部活動も同じで、子供は親の貧富の差に関わらず、等しくスポーツの体験ができること正に、これが過去の部活のメリットかとしかし、コーチをやってて思うことは、スポーツの才能がありながら親の協力が得られずクラブに入ることができない子、又、スポーツの楽しさを知らないで体育が嫌いになってしまっている子などに教えて上げたい！（勉強ができなくてもそこに居場所がある）（大声でストレスを発散でから場所がある）（大人になっても健康に苦なく体を動かせる）親が金銭的にも時間的に余裕なくソッポむかれてる子に教えてたい！　いつも思っています。,7,4,,,,
多くの地域的存在が崩壊し、唯一残っているのが学校というのが現状だと思う。だから部活を地域に移すというのは、クラブ運営や私立中学などを除けば事実上の廃止だろう。だから、部活をどうするかよりも地域活動をどう作るかを考えるのが先のはず。まず、同世代の交流ではなく、タテ型交流を復活させないといけないと思う。例えば、中高一貫にして一つの学校の生徒を増やし、さらに、大学生や社会人などが集まって何かをする場などがないと、受け皿の元が全くないところに移しても意味がない。人口が多かった時代の考え方を根本的に変えて、これは自分たちの頃の部活とはかけ離れているといえるくらいでないと解決する事はないと思う。,8,2,,,,
学校教育の一環である部活動を地域へ移行した場合、地域にスポーツ団体があれば良いが、全ての競技について受け皿となる団体が無い場合、誰が受け皿を担うのか？また、学校にあった責任は一体、どこの誰に移行するのか？これにかかる予算はどこが確保するのか？受益者負担の考え方を導入すれば、実力があっても地域団体に通う経済力の無い家庭の子供はどうするのか？スポーツクラブを運営する企業が有れば良いが、無い場合は地域のスポーツ団体（スポーツ少年団など）が担うとすると、これまで無償で指導してきた指導者達が、部活動の地域移行を機に有償で指導するのか？そこまでのキャパや指導力が地域にあるのか？問題だらけ。また課題は地域によって違うはずなのに、全国一律に地域へ移行する流れを作る事自体おかしいんじゃないかとすら思える。今は学校の名を背負って大会に出るが移行後はどんな名を背負って大会に出るのか？整理されてないことばかり。,6,9,,,,
「一方で、指導員への謝金など学校単位の部活動であればかからなかった費用が発生するなど、保護者の金銭的負担が増える可能性も指摘されています。」給特法によって、公立学校の教員は教員調整額(本給の4%)と引き換えに残業代は付かないことになっています。これまで部活動に指導料が発生していなかったのは給特法の下で教員が「自主的、自発的」に部活指導を行なっていた(行なわせられていた)からです。極端な表現をしてしまうならば、児童生徒や保護者は「教員の時間やエネルギー」に対価を払わず、サービスを無償で享受していると言わざるを得ません。地域移行によって保護者には金銭負担が新たに生じる懸念があります。一方で、文科省の試算では教職員の未払い残業代は1兆円に上るそうです。労働生産人口が減る中で、もはや「無償でサービスを受給できる時代は終わった」と理解していただく必要があるのだと思います。,113,1,,,,
やるならやるで、何年度からと区切りつけてスパッと切り替えて欲しい。ぐずぐずやられたら、過渡期の時の子供達が混乱するから。個人的には、教師はもう学校の授業のみに集中してくださいって感じ。それすらできてない教師が多すぎる。それこそ、塾いらないくらい、ちゃんとした授業をしてほしいし、そうするために部活なんかしなくてよいので勉強してほしい。そして、放課後の体育館やグラウンドは校長が好き勝手しないように、きちんと市が管理して民間に解放し、子供たちがスポーツなりなんなりで有意義な時間を過ごせるようにしてほしい。,3,1,,,,
指導者が見つかるかが、最大の課題だと思います。平日夕方や休日に子ども達の命を預かり、子ども間や保護者間のトラブルに対応してくれる方が地域にどれだけいるのでしょうか？最近では、クラブ等にお金を出して、保護者送迎で活動する子どもが増えていて、学校の部活動に人が集まらない状況も出てきています。保護者の意識や協力体制、経済的な事も含めてスポーツ格差になりつつあります。万人に機会があった学校の部活動が無くなり、競技中心ではない社会体育としてのスポーツをする場や機会が失われつつあります。子どもも保護者もより競技性の強い団体にお金と時間をかけて集まっています。結局、国や行政が目指すものと逆の所に子どもが、集まっています。それだけ国や行政が、子どもや保護者のニーズを考慮せず、教師の負担を減らす事にしか目を向けず、適切な施策をして来なかったという事でしょうね。,12,41,,,,
中体連をなくしましょう。全てスポーツ協会でやれば話が早いです。中体連がある限り、たとえ地域移行となっても、役員等で駆り出されるのは教員です。つまり安く雇える駒にすぎません。知らない間に、加盟してもいないのに、中体連の役員になるのが教員の面白いところです。,12,1,,,,
自分は、この件については、部活を切り離すのは半分賛成です。教員の残業自分の家族を犠牲にしての部活動顧問は、確かにおかしいと思います。しかし　地方に住んで居ると外部で習い事の種類が都市部と違って少なく、部活動ではあった吹奏楽部であったり　美術部であったりが全く無く、自治体に期待したいが、自治体は推奨しているスポーツのみにお金をかけるのが現状です。　この状況で部活動を切り離すなら結局は子供達の可能性を伸ばすには、都市部でお金がある人の子供もだけになってしまうと思います。だから、まず地域のクラブの充実を先に手を付けて時間をかけて部活動を減らしていくべきだと思います。最後に教員の皆様は大変だと思います。しかし、現在教員をされている方は、そのことをわかっていながら教員になったはずですそれなのに「部活が悪いから無くして楽させろ」と言っている教員のについてはどうかとお思います。,4,21,,,,
子供の可能性を潰してしまうのではないかと思う。平等の機会を摘んでしまう。教職員の皆様には負担であろうかと思いますが、そこは手当等を厚くする議論の方が良かったのではないか。何十年も続いてきたことであり、教職員を目指して来た人も了解のうえかと思う。少子化？そこはまた別の議論であるのでは？地域の学校での体育大会なども意味をなさなくなるのでは？高校のクラブからの入部では差が開きすぎて可哀想である。才能を見出してやるのが教育ではないのでしょうか。,1,6,,,,
学校部活を廃止すれば、高校での学校単位の大会は辞めることになる。野球もサッカーも、吹奏楽も、全て部活動があってのもので運営も教員が主にやっている。スポーツ推薦などもなくす必要がある。そう考えると部活動を学校から切り離すのは理想とはいえ、現実には難しいし長い時間がかかる。特に田舎では移動手段さえ無いので部活廃止は子供の不利益になる。現実的には部活動の土日、休日禁止、週４回程度、2時間までなど時間で制限をするのが良い。合宿、練習試合、大会引率などは適正な手当を払うべきだ。,9,2,,,,
今年、子供が中学校に入り部活に入りました。元々住んでいた地域は田舎で、部活は3つしかなく、子供がしたい部活がなく、受験と引越しをしました。田舎では選択肢は減り、クラブチームに所属するにも片道1時間通うことになります。ただ、クラブチームに上手い子が集まり中学校の大会では一強で、大差で勝ちます。なんだか楽しくないですね。接戦などは見られず上手い子が入ってきて、その中学校が強くなるなどもなく。人数が減り、田舎ほど部活の選択肢は減り、クラブチームは上手い子しか入れない。または、親が送迎出来る、時間やお金に余裕がある家の子のみが出来るものになりました。今の子が帰宅部を選択して、体力や運動能力が下がるのも仕方ない気がします。,4,1,,,,
私は賛成です。地域ぐるみでやる方がメリットは多いと思います。例えば運動部ならより質のよい練習ができたり人材が出たりできるし、できればその競技を知る人から教わる方がいいと思います。あとは自治体がどれだけ本気を出せるかによると思います。,2,2,,,,
そもそも高校野球なども含めて学校対抗をやめるべき。野球大会の応援に吹奏楽部などが強制的に突き合せれるのはナンセンス。文化部、特に科学部などは学校によって設備に大きな差がありそのまま活動のレベル差になってしまう。特に公立の場合は学校への予算配分を地域クラブへの予算配分に変えれば学校内でのクラブ間の温度差は無くなる。課外活動は学校の宣伝活動ではない。学校は本来の学びの場に特化すべきだ。,3,2,,,,
フィットネスクラブに中学生コースとか。高校生コース作ってもいいと思うんだよね。全員が全員、がちがちに競技したいわけでもないだろうし。でも体は動かしたいよね、って部分でニーズがあるような気がする。まぁお金の問題はついて回るけど、先生の負担を少しでも減らすことを考えたら、月数千円でも払って外部に行くのは良いのでは？,9,1,,,,
部活は本当の意味で任意で、帰宅部も普通になった方がよい。半分ぐらいは帰宅部というのが普通にしないと。学校は子供の時間を奪いすぎだろう。運動が苦手な子だったら、これが子供たちの成長を阻害していると思う。最初から部活には参加しないとうのもアリ、途中で辞めるのもアリ、要は個人の自由意志で決める。ある中学校では部活動を辞めるといったら保護者が呼び出される変な習慣あるらしい。,15,2,,,,
姫路のソフトテニスで地域移行によって設立されたクラブチームですが、当初は中学生の技術力アップを謳い毎週の様に練習会が開催され、4月から公式戦への大会が認められた瞬間、練習会は1ヶ月に1回あるかないか。地元のジュニアクラブ出身者で県選抜クラスの選手を集め、当初聞いていたソフトテニスの裾野を広げるという目的を逸脱したジュニア出身者のみの勝利至上主義チームを結成して、地区大会や他大会でも出場ペア全てがベスト8以上、団体戦は当然優勝の結果を残しています。代表は中学校で顧問をしていた先生が学校の顧問を辞任し、クラブチームに専念しています。国の目的である教員の労働環境改善やチームが組めない等、救済の為の施策の筈が全く違った方向になっている悪しき例です。県外遠征も当たり前の様です。他の競技でも意味を履き違えたクラブチームが結成されない事を祈るばかりです。,2,2,,,,
地域のクラブチームを1年で辞めました。平日休日の活動も多く、休みも取りづらく、レギュラー争いに必死で、勉強の時間がうまくとれません。幸い部活動の方でもそれなりに人数はいたので変わってすごくストレスなく頑張っています。やっぱり学校の子と青春時代の部活を過ごしてほしいなと思いました。,2,4,,,,
先生方の働き方改革をしてもらいたいんですよ、ほんと大変なんで。でも、部活命の先生がいるんです、特に体育。地域、クラブチームの練習に行こうものなら、部活しろって圧かける先生が確実にいるんです。クラブチームでやりたい子もいるのに部活優先で、って言われたら子ども達は先生に従うしかない。ほんとかわいそうです。地域移行なんて、そう簡単にはいきません。やりたいことができない子どもが、本当にかわいそうです。,12,7,,,,
根本的な問題点として、保護者の負担が増すという部分。学校の先生が継続して指導する場合はお金がかからないという部分がそもそも前提として誤っている。教員に時間外労働を続けさせなければ保護者の負担上がるって言えば、そりゃ困るってなるでしょう。外部委託なら保護者が直接支払う金額が上がり、現状維持なら安くできるわけではなく、今後は教員にも支払わなければならないということなら理解できる。この記者の考えだと定額働かせ放題という選択肢を持っていることに問題がある。外部なら保護者負担で教員なら税金ということなのか？外部なら報酬を多く払うが、教員なら安く使えるという考えなのか？このような考えがそもそも学校のブラック化を招いているということに気づけない記者がいることが残念。,8,1,,,,
「部活」というシステム自体は良いと思うが、生徒にとっても教師にとっても強制は違うと思う。人それぞれ。帰宅部を選択してもいい筈だし、顧問だってなりてが居なければ、生徒が交渉して真剣に先生に頼み込むことも良いと思う。そういった「面倒」を極力無くそうとするのが問題な気がする。,10,4,,,,
中学生の子供2人がサッカー部に所属しています。部活動であれば費用も安く、サッカーだけでなく、普段の生活も見てもらいながら指導してもらえるので、そこは良いと感じています。地域に移行することになると、学校生活とスポーツが切り離されることを懸念しています。また、中学からそのスポーツを始めようという子にとって、地域のチームに参加するのは敷居が高くなりそうで、スポーツの裾野が狭くなるような気がします。ただ、中学校の部活動とサッカー協会に所属しているチームでは、違うスポーツを教えているようにも感じます。指導もレフリーも協会の資格を持たない先生が担当していることが多く、びっくりするようなことが多くあります。他の競技はどうかわかりませんが、指導者資格を持った外部指導者の確保が可能な予算を組んでもらって部活動を継続ことを望んでいます。結局は教育予算の問題だと思います。,2,3,,,,
地域移行は１つのアイデアだが、それ以前にそもそも「部活動」というものが現代においてそこまでの意義を持っているものか否か、冷静に再検証が必要ではあるまいか？教員の過重労働以外にも、昨今、強豪・名門とされる部において、強権的な顧問による行きすぎた指導や強豪校の指導者という立場を私利私欲のために用いたりする不祥事が次々に発覚しているではないか教員の過剰な負担に加えて悪質指導者による生徒の心身への悪影響と、部活動が持つ教育効果とを天秤にかけた場合、さて針はどちらに傾くだろうか？,8,2,,,,
学校という枠の中で行われることなのか、地域クラブのような学校とは切り離された形で行われるのか分からないが、当然、受益者負担の考え方はよりはっきりと出て来るから、経済的格差に起因する問題をどう解決するのか。またパワハラやセクハラの問題も教員でさえ起こっているのだから、外部指導者の場合に増加しなければいいとは思うが。,1,1,,,,
東京港区や名古屋市ではすでに民間委託してるけど、特にスポーツ系部活の指導者の中では暴力な指導をする人が中にはいると聞いた。委託する場合は児童を指導するのだから、もう少し厳しい基準で面接をした方が良い。児童がそのような指導者には声をあげやすくするシステムを作った上で部活動を運営すべき。,1,2,,,,
実際にはほぼ進んでいません。なぜなら、教師の代わりを担う人材がいないからです。放課後という夕方の時間、多くの人がまだ仕事をしています。土日の休みを潰してまでやろうという人はそうそういません。地方では、練習場所までな、移動も大変です。メリットは、教師の時間外勤務の削減。各競技の連盟の役員を教師がしなくてよくなる。デメリットは、地域移行した部活でのトラブルの発生対応が学校にくる。連盟の人材不足。部活ではなくクラブチームを作る事になるが、収支が合わず運営が成り立たない。各競技の連盟も部活に依存しているので、簡単には進まない。徐々に進めるのではなく、思い切って、学校で部活廃止をしてからでないとうまい着地点に着地できない気がしています。,7,2,,,,
夫は中学の現職教員で担任＆部活顧問です。平日は21時帰宅（終わらないから切り上げてソレ）毎週土日のどちらかは部活、別途週末出勤で、我が子（小中学生）との時間はほとんど持てません。勤め先には学校外で活動の生徒もたくさんいて、例えば同じサッカーでも部活の子、学外チームの子がいます。未経験教員が顧問の部活より外部の方が当然活動レベルも高く、熱心な子は外部に所属しています。環境はあるのですから学外で活動可能なものは外で良いのではと思います。外部活動が中学生には難しい吹奏楽部など、限定した活動に専門の指導者を呼び、一定の費用を所属生徒も負担し、部活ならただで活動に参加できるという状況を変えて欲しいです。教師は名前程度の登録として、部活指導が仕事から減ったら、教師の業務負担は大きく変わると思います。そういう具体的な業務改善が無いと教師志望者も増えないのではないでしょうか？,6,1,,,,
学校の部活動を地域に移行するにしても様々な問題がある。急いで移行すれば生徒や児童に不利益（ケガ、不十分な指導等）が発生する。指導員の指導力は十分か、将来を考えた指導ができるか等。また地域移行しても学校が全然かかわらないのもおかしい。指導時間の最初、あるいは挨拶ぐらいは学校の教師が、するべきだと思う。そもそも教師の過重労働解消からスタートしているからおかしい。過重労働解消なら定数法見直しで教師の人数増加だと思う。,12,43,,,,
もうこのニュースの中に、メリットとデメリットが書かれていますが、部活動を学校教育から切り離すという方向に向かうのは確定事項でしょう。メリットは、学校側は、本来の教育業務に集中できること。平日の放課後や土日に、教科指導の準備や研究ができて、より充実した授業が展開できることでしょう。デメリットとしては、部活動でしか見られない個人の側面が把握しづらくなることでしょう。外部指導者に関しては、メリットはより専門的な指導を受けられることでしょう。教員の場合には、全く経験のない部活の顧問になることが多かったですからね。デメリットとしては、やはり人材の確保でしょう。平日は午後４時から６時くらいまでが練習時間となりますが、そんな中途半端な時間に指導に来れる方がいるかどうか。財源も不安材料ですね。また、万が一事故が発生した場合の対処や責任の所在もはっきりとしておかなければなりません。,44,6,,,,
千葉県の中体連のテニスは閉鎖的な考え方のままで、今年から地域スポーツも大会に参加できる様になりましたが、個人戦（シングルス・ダブルス）は参加できないくて、団体戦だけしか参加できません。また団体戦も7名集めなきゃ行けなく、地域スポーツからは5チームまで、5チーム以上いる場合は地域スポーツの中で5チームを選んでくれと投げやり。また県大会で優勝しても、その後の関東、全国大会には出れない。中体連のテニスの大会を運営してるのも私立の中学校の顧問だったりと自分達にご都合のいい様になっています。地域スポーツの移行にはそういった所を改善してからじゃなきゃムリだと思います。,4,1,,,,
教員の負担を減らすための部活の地域移行だと思います。しかしその地域移行するために地域の役所の職員、教育委員会の職員は毎日長時間の残業を強いられています。部活の地域移行は負担を減らすためのものではなく、教員から別の誰かに負担を移したものになってしまっています。これでは本末転倒ではないでしょうか？,2,7,,,,
教員にしろ地域委託にしろ部活の指導者にはしっかりと給料を払うべきで、教員は部活の担当になるか選べるようにすべきだと思う。部活によって同じ教員でも負担がかなり違うことがあるし、部活がやりたくて教員になった人もそうでない人もいる。給料がしっかりと払われることで不公平感ややらされ感は低減できる。給料を払う予算もつけられないなら学校で部活なんかしなくていい。,1,1,,,,
部活動の地域化はいいこと。というか、教育現場の実状に沿った現実的な対応策としてもうこれしか残されてない無い感じ。文科省が今までの誤りを認めて本気の教育改革を実行するなら別だけど、そうでない限りはいずへ授業教育も地域が担うことになると思う。従来の意味での「教師」という職業が日本から無くなる日は確実に近づいてる。,3,1,,,,
半世紀以上前の経験者なので，今の有り様の参考にはならないかもしれませんが，当時の私の学校では楽しくやってましたよ（個人の感想）。もちろんやる以上，勝ち負けは気にはなりましたが，それはそれなりにでしたね。顧問の先生は練習グラウンドに来ることはほとんどありません。対外試合の引率はしていただきましたが。技術向上や戦略，戦術の理解の共有など今のように簡単に動画を見るなんてできない時代ですから部員同士で本で調べたり，話し合ってどんな練習をするかも自分達で考えてやってました。ですから弱小チームです。地域の予選で一回，二回勝てれば大喜びです。自分達で運営しているのでチーム内の反目（特に学年間）やいざこざが皆無だったとは言えませんが，話し合いで何とかなりました（私の記憶では）。仲間で切磋琢磨しながら共通の目標に向かっていく中で，懇親を深めていくのが本来の学校の部活の目的だと思います。,3,2,,,,
部活動を地域に移すの、大賛成です。教員が部活動を指導するのは限界があります。平日はボランティアだし、休みの日も何時間引率しても3000円。怪我した場合は顧問の責任。合宿だって行きたくない。やりたい教員だけやれば良い。早く部活動から解放して欲しい。今の若い教員は最初から拒否する人もいて、その皺寄せが負担になってる。早急になんとかして。,8,1,,,,
現役高校教員です。部活動の１つの目標に大会出場があると思います。その大会もほとんど教員が運営しています。大会当日のみならず，その前（下手すると数年前）から大会実施のための準備に多くの時間が割かれています。しかも，その準備の時間にはほとんど手当はありません。大会運営を地域移行しないと，いくら部活動を地域移行しても，教員の手から部活動は離れません。,5,1,,,,
教員の働き方の問題として考えれば、定額働かせ放題と言われ、ほぼ違法状態である現状はもはや変わらざるを得ないでしょう。しかし安易に地域移行とはいかないだろう。平日夕方の２時間だけ指導にあたれる人材がどれほどいるだろうか。勤務時間から計算して、月の収入は10万円程度で、若者が生計を立てることはできない。退職した老人という声もあるが、どんな専門性を期待するのだろうか。教員と同じように我慢強く、他人の子どもに接することが期待できるだろうか。部活動は、興味のある競技や文化活動に気軽に取り組める入口として、とても意義深いものだと考える。人の生涯に渡る心身の健康に与する場合もある。教員を守るというテーマでは、部活動の負の面ばかりがクローズアップされてしまうが、教員にとっても、子どもにとっても、winwinの解決策でなければと思う。,3,5,,,,
部活動で意味なくビンタされたりしました。勝つためだけの部活動や、非行防止の為とか学校都合だったり、まじめな先生には疑問や苦労があったと思う。地域にゆだねると、大人と交流できる場所になり、怒鳴ったりすることもなく、大人の下で社会の一人として育っていく、これこそ勉強だと思う。早く全国展開してほしい。,1,3,,,,
中学・高校について。学校の部活を地域に外部委託すれば今より良くなる――という考えは安易だと思います。現状のまま教師が顧問をしつつ、一部の指導や事務仕事、大会の運営などをサポートする人員を外部から補填する方がいいです。教師にとっても部活動は、授業だけでは見えない生徒の良いところを見つけたり、きめ細かい（授業だけでは行き届かない分野の）指導ができたりする場だと私は思っています。自分が好きじゃない、苦手な部活動だから顧問をやりたくない？笑わせないでください。その程度の人が、勉強が好きじゃない、苦手な子どもたちを、何とかできるように指導できるのですか？自分の苦手を克服できなくて、自分を変えることができなくて、他人に対して何ができるんですか。部活動が必要ないと言う人は、体育祭や文化祭もいらないというのでしょうか？あらゆる物事に良い面と悪い面があります。悪い面ばかり強調してはいけない。,10,23,,,,
地域移行は賛成ですが、地域への丸投げ状態で教育委員会の説明もはっきりせずです。高校進学時の内申書への記載は？肉体的精神的金銭的保護者負担への配慮は？これまでの部活とは違いすぎて将来に色々と影響が出るのが明らかなままクラブ化はやめて欲しい。もっと具体的な説明と始めるなら全ての部活のクラブ化の体制を整えてから初めて欲しいです。,1,5,,,,
かなり強力な「たが」で縛られている学校の教員でさえこれだけトラブルが起きているのだから、地域に開放したらどんな状態になるのか恐ろしい。実際そんな話を聞いたことがある。中学生以上の女子の部活動の地域移行についてはハラスメント対策は欠かせない。,1,6,,,,
まず、０か100の議論になってないか心配してます。そのまま学校内での部活で問題ない所まで無理矢理外部の地域に移す必要はなく、地域に部活を任せるか任せないかの選択がちゃんと出来るのかが気になります。極端な話しですが、音楽の女性教師が部活の指導に人生をかけて結婚せず30年以上活動してる方がいます。その方は部活指導をするために教員になったと言っても過言ではない方です。そのような人が、部活顧問をやりたくない教員の声に流されることに懸念してます。話し変わって、部活の良さは学校内で気軽に誰でも参加できる所にあります。外部に委託して月謝が発生して習い事と変わらないようなモノに変貌するなら、それは単なる部活の廃止の何ものでもありません。,5,13,,,,
ここでいいねをつけてる人は先生でブーイングマークを押している人は保護者でしょうね。もう、息子は中学を卒業したので言いたいことをかきますが、部活の地域移行は、先生のことを考えたらするべきだと思います。ブラックすぎる職業だと思いますし。ただ、親からすれば子供の特性をわかっている学校の先生が教えてくれる事は本当に有り難かったと今更ながら感じます。とにかく教育にお金をかけない日本の良くないところだと思います。もっと先生を増やし部活手当を出すべきなんだと思います。,3,8,,,,
教育予算は、18才までの子ども(幼稚園を含む)に集中的につぎ込んで、18才(成人)以上は、自己責任にするべきです。部活や給食費、通学費、制服、教科書も全て無償化。公立学校は、優秀でも経済的に塾に通えない生徒向けの補習を行う。講師には予算を付けて有名予備校からもok。成績優秀で、経済的に困難だか、私学の中高一貫校を希望する者には、全額返済不要の奨学金と生活支援(バイト代程度)金も支給する。とにかく、18才までは、学力、能力、やる気、素行良好なら、格差関係無しで支援する。そして、18才(大学、短大、専門学校)以上は、全て自己責任。もちろん、返済ありの奨学金や、特に優秀な生徒、看護や介護などの人材不足の学校には、将来的に不足する専門職に就くことで、返済免除の奨学金を支給する。低学力&素行不良で、奨学金が返済できる見込みの無いやつは、大学等には進学できない。私学助成金も全て廃止する。,26,3,,,,
少子高齢化対策の一環として教育費無償化など親の負担軽減に取り組んでいるにもかかわらず、教師の負担を減らす代わりに保護者である親の負担を増やす可能性のある改革を進めているわけだよね。その口実に少子化を持ち出し「他校合同部活動」と「外部指導員の導入」を行う。働き方改革って「負担を移行すれば良い」という話しではないと思うんだが・・。,2,9,,,,
指導者の質担保には2つの条件があります。1つは採用までの淘汰された数です。研修なども併用して「指導員になりたいけどなれない人が発生するくらい人気にする必要」があります。もう一つは「流動性」です。同じ所に何十年もいると組織というのは静かに腐っていってしまうからです。この条件から3つの方法が考えられます。各デメリットは文字数制限により省略①一定の給与で経済的淘汰を起こす。この場合、プロのスポーツ団やオケのように1年ごとの生徒側からの評価で指導者を解雇したり変更できるという機会を設ける。②試験制度を設け、名誉職にする。明治時代の議員が貴族から選ばれたように、すでに質の高い所の人に名誉職（褒章）として参加してもらう。③年齢などの制限のない地域のコミュニティーサークルとして立ち上げ、その中で指導者なし、もしくは指導者役交代で行う。この場合、全員が見張りあう一種のブロックチェーン状態になります。,1,2,,,,
「部活」そのものを廃止したらいい。勉強以外に何かやりたい子どもは、習い事やクラブチームに入ればいい。格差はひらくと思いますますが。私や私の3人の子どもたちは、「部活」でお世話になって本当によかったです。顧問の先生は大変だったかもしれませんが、充実した学生生活でした。,5,1,,,,
現状のままではうまくいかないでしょうね。学校教育側でだけ進んでるし、社会がそれ受け止めようという姿勢があまりないですからね。テレワークだって制度としてはあるが出社させる方向に戻りつつあるし、企業が自分の利益が先、働く人も自分の生活が先になってるんだから、どうやったって助けてあげられる仕組みになってない。働き方改革はわかるんだけど、実情としては擦り付け合いになってしまっている感じがある。,2,1,,,,
1980年代に教師が見ていない部活中に生徒が死亡する事故があった。この事故は裁判になり結果的に学校側は負け多額の賠償金を払うことになった。そして部活中は必ず教師がつかなければならなくなった。それ以前は教師は職員室で事務仕事をしたあとで部活に行けたので比較的余裕があったが、これで余裕は一切無くなった。正直このとき地域移行など部活のあり方を考えるべきだったと思う。マスコミの報道も皆無だった。当時は教師叩きが極めて流行していた。,93,4,,,,
そもそも　生徒全員入部しなければならないっても少し考える必要がある。小学校のように　週1.2日クラ部活程度ならいいけど、本当にやりたい生徒は良いが、強制的にどこかの部に入らなければならないのも学校嫌いの原因になることも。特に運動部ではクラブチームや少年団経験者が　やはり早くから先輩達に混じってレギュラーになれて　始めたばかりの子は追いつけず　大会の出場も　平等ではないところも。楽しいはずの部活が苦痛になっている子もいる。大会に出られないのに　応援とかも大事なのも分かるが朝から夕方まで会場にいなければならないとか。学校規模によっては　せっかく入学して道具を買ったのに　1年生はなかなか使わせてもらえず。人数が足りないために大会に出られない、多すぎて大会にでられない　練習が思うようにできない。そんな思いをしてまで部活をやりたいとは思わない。顧問や先輩たちの顔色伺うのも苦しいと言う生徒もいます。,5,3,,,,
これは部活動ではなくただの習い事だねうちの息子もスポ少入ってるけど試合が近づくとLINEがバンバン入ってくるし特に各担当役員は大変だよコーチはボランティアだしね用具は用具担当が持っていくことになるから車はボロボロになるしでもそんな親も好きでやってる部分もある親の大きな負担を考えると、子供はやりたくても親が協力出来ないとなれば逆に部員の確保はできるのかな？とも思う個人的には、部活を厳選して、教員も部活専門を配置すれば、部員の確保と教員、親、地域の負担も少なくなるのでは？,3,1,,,,
教員の激務は、部活１つが減ったくらいでどうにかなる問題ではない。教科指導の教員と、担任＋部活の教員とに分業しなければ、今の学校の機能を維持することは不可能だ。人件費も、恐らく今の1.5倍位は必要だろう。部活の地域指導員を入れても、教職と関係のなかった人は、部活＝教育活動ということを理解できず、勝利至上主義に陥りがちだ。また子供の人格的成長と競技力向上を両方実現してくれるほど有能な指導者は、大した収入にもならない地域指導員なんてやらない。どうしても元教員が多くなりがちだが、今後部活動指導経験のない教員が増え、彼らが退職する時期になれば、それこそ地域指導員のなり手は完全にいなくなる。この地域指導員というシステムは、持続可能なシステムでは全くない。こんなその場しのぎの政策で、対策したつもりになっていたら、さっそく日本の教育は崩壊するしかない。,11,2,,,,
部活があるかぎり、教師たちはゆとりを持って働くことはできないと思う。生徒たちも出来上がっていない体で激しい運動をして、膝や腰を痛めて一生引きづる。難しいかもしれないけど、スポーツや芸術は習い事でいいと思う。,3,1,,,,
地域移行の理念は賛成です。具体的な実践策を検討する際に、教員の働き方改革と、少子化と、専門指導者不在の問題を混ぜて実践策を模索すると、どれも中途半端になります。思い切って教員の働き方改革に絞って、地域移行実践策を議論すべきです。現状は外部指導者の確保も教員の仕事で、教員に地域移行に関連する仕事が増えれば本末転倒です。地域移行に関連するヒト（指導者、保護者、生徒）、モノ（施設、備品）、カネ（指導報酬、会費収入）、情報（他団体・自治体・中体連等との折衝）の管理、マネジメントは誰がやるのでしょうか。数年かけて段階的にでも、マネジメントや裁量も地域移行しないと、教員の働き方改革の実体は変わらないでしょう。,3,1,,,,
自分は空手部なら入りたかったが、普通中学は柔道、剣道まではなんとかあるけど、空手はまずない。少子化で、やりたいスポーツと言っても今ではなかなか難しいよね。野球、サッカーですらチームが組めない。だからもう中学の部活として、やること自体がナンセンスなんだよ。自分はお金を払って空手道場に行きましたよ。他のスポーツも同じで良いのでは？,2,2,,,,
結局、親も子も移動時間や金銭的な負担が増えるのを敬遠し、部活動をしなくなるでしょう。大体の子が、家に帰って動画を見るか、集まって不良ぽくなるか。不健康になるばかりでしょう。親は増税と物価高で仕事が忙しいし、１人でも志を持って頑張れる子は少ないはず。子の不健康が社会問題になりそうですね。,2,2,,,,
「勉強は今一だったけど部活は一生懸命やってたから内申点に反映させておこうか」ってのが一番の問題よ確かに勉強が苦手で「部活があるから学校に行ってる」って生徒も少なからずいるので安易に学校から部活を取り上げていいのかという心配はあるがだからって先生達がその犠牲になるのはおかしいし、部活があるからこそ広がる人脈みたいなのもあるそもそも論として部活動って「学校の勉強とは関係ない所で余暇の時間を自由に過ごしたい」って集まりだったはずなのに半ば義務になってる受験の時に同じ点数取ったら部活頑張ってた方を合格にするみたいなのがあるからなんだろうが、その辺の下地を無視して部活動だけどうにかすればいいと思ってるならこの問題は何も解決しないよ同時並行して入試や就職の仕組みまでどうにかしないと同じような事を繰り返すだけ,3,1,,,,
部活動は生徒の自主的な活動によって運営されるべきであり、生徒の強制加入や未経験な顧問をつける必要が無い。未経験顧問だとやる気が無く適切な指導も出来ない。２人顧問制なのに結局経験者の顧問が一人でやっている。そういう頑張る顧問に限って主任だったりと仕事量が多い。忙しい教員はとことん忙しく、暇している教員は結構いる。格差を埋める為にも地域移行にして教員【本来】の仕事に向かわせた方が良い。部活のせいで教材研究が疎かになっている人もいる。本末転倒である。,2,1,,,,
小学校の部活はもう既に地域以降して、ボランティアさんがやってくれてる卓球部はA C E校サッカーはB C D F校テニス部はCD校野球は各々の学校で通ってる学校に所属マイナーな競技(棒術とか社交ダンスみたいなの)は１校だけとか、地域の中高生や社会人の参加もOKみたいな感じうちの子は隣町の学校までいって色んな学区の子に混じって週1でテニス教えてもらってる,3,1,,,,
"「部活」という文化？は日本独自とききます。教室だけでは、みられない生徒の姿をみられることもあります。少数かも知れませんが部活をやりたくて先生になる人もいます。単純に、部活＝負担と考えるのは、どうでしょう？また、外部にお願いすると「勝利」(運動部の場合)のみが優先される事にならないか、心配です。「部活」というものをなるべく残していってほしいと思います。ですから負担が多い分、報酬を増やしたり、先生の人数を増やして(今の倍？くらい)持ち回りで(他校の先生含)部活を担当したり工夫すれば、負担も減るのでは？と思います。結局、教育にお金をかけない、国、政府の問題ではないでしょうか？",1,4
"自分もそうですが…部活動の指導がしたくて教師を目指した人もいるんです。教師の仕事量、質ともに激務なのは、分掌業務、教育局からの報告文書作成、生徒指導、保護者対応です。公文書も書式が細かく定められていて正直かなり無駄に面倒な仕事になってます。個人的には無駄に面倒な事務的な仕事を簡略化してくれる方がよほど嬉しいですね。",18,34
"現役の中学教員ですが、この話題になるといつも置き去りになるのが「部活動の顧問に憧れて教員になった先生」の存在だと思っています。もちろん、やりたくない人に無理強いしている現状は改善していくべきですが、極端にやりすぎて、部活指導をやりたい教員は？と感じています。私は国語教員なので国語指導にもやりがいを感じていますが、部活の生徒たちとの関わりにもやり甲斐を感じているので、もし部活がなくなったらやり甲斐半減です。教員仲間にも、部活指導がなくなったら教員を続けるかは悩むと言っている人が多くいます。強い部活を作ろうとしているのではなく、教科指導とはまた違う部活指導を通して生徒が育つことを確信しているからです。教員は、ただ勉強を教えるというだけでなく学校生活を通して『教育』をしていく者だと思っています。私はぜひ、教科やHR運営とともに部活指導も大切にしたい現役教員の声も届いてほしいなと思っています。",2,14
"中学校の部活動は、これまで顧問の先生の献身的なボランティアに支えられて、かろうじて成り立っていた事を、全ての人が再認識するよい機会だと思います。地域移行なんて、現行のままではできるわけがない。保護者がお金を出してやらせるのが当たり前になるかどうかです。メリットデメリットという問題ではない。今の若い教員が、部活動はやりたくないといってるんだから、これはもうどうしようもない問題。",58,2
"そもそも、放課後に２～３時間の練習とかいらないでしょ。中学の時部活のキャプテンやってたけど、半ドンの土曜も午後は全て部活、週末も普通に部活あるし夏休みも3分の2くらい部活で学校行ってて流石に辟易した記憶があるから、本気で全国を目指している訳でもないのに練習やりすぎなんだよね。長時間の練習とか朝練とかも最近は意味ないってバレ始めているし。学校はエンジョイ勢がちょろっと体動かして、ガチ勢は地域のクラブで活動する形で良いのでは？",13,3
"高校は部活頑張りたい人向け、勉強頑張りたい人向けってなんとなく住み分けできてるけど、中学は両方だからきついよね。非行に走らせないようにする意味合いもあるみたいだけど、それは保護者の責任であって学校が担う所じゃないと思う。",3,1
"公立中学校の教員です。目の前に倒れたケガ人がいるのに「誰が助ける？」「誰が救急車を呼ぶ？」「応急手当をする？」と何時間もケガ人を放置したまま議論が続いたなんて聞いたことがありません。偉い人たちが外部移行がどうのこうのと考えている今も，部活動の顧問を強要されてプライベートや仕事の時間を奪われ苦しんでいる教員が多数います。政府や保護者，地域の人達は何をしているのでしょうか。「どうせ教員がやるから」「時間がないから自分にはできない」などと思いながらこの問題を放置しているのでしょうか。教員は未経験の種目でも顧問を強要されます。そんな現場ではすでに人手不足で公教育の崩壊が始まっています。その証拠に，私たちが最も大事にすべき「授業」の準備すら殆どできていません。ある同僚は職員室から教室へ行くまでの数分間で授業の構想を練ります。これが現実です。調査や議論という名の時間稼ぎはいつまで続くのでしょうか。",12,1
"保護者に金銭面や送迎など時間の余裕がある家庭は地域以降でも良いかと思いますが、余裕のない家庭では部活動を諦めなければならない子供もでてくるのではないでしょうか？ここでも格差が生まれてきそうですが、その辺りの解決策は検討されているのか気になります。",1,2
"部活動の地域移行はどう考えても失敗するやろ受け皿なき解体が成功したことはない地域の指導者は足りていないし、質を求めたらますます不足する60代以上の吹奏楽部の地域指導者が不祥事起こしたってニュースもあったよねニュースになっているような外部コーチの問題は氷山の一角にすぎないし教員が間に入って解決していることも多々ある今熱心に部活動指導している教員が地域移行したチームの指導はしないという話も多いしそもそも地域のチームを教員がそのまま顧問をすると思ったらあまりにも見積もりが甘い自分の学校の生徒だから指導していたわけで今後はこのままグダグダ進まず話がなくなるか、地域移行強行して生徒が大きな被害を受けるかの二択教員の働き方改革は部活動がなくなった分代わりの仕事が増えて多忙感は変わらず生徒指導もますます大変になるだろうね",10,15
"イチ保護者からすれば、部活動の民間移行は賛成。しかしながら民間に移行した後、部活動の指導者が近隣のスポーツ少年団の指導者になるのは反対。娘は、スポーツ少年団の指導者からの差別・パワハラを受け、スポーツ少年団からやめさせられただけでなく、それが理由で人を信じられなくなり、一時期、不登校になりました。それだけでなく、スポーツ少年団の指導者というのは、自分の生きがいのため、私欲を満たすために指導をしている人がいるだけでなく、各競技団体のルールや方針の改訂、学校施設の正しい使い方などを理解せぬまま、なぁなぁでやっている指導者も多数います。民間に移行するということは、それなりのリスクも負うことも理解してほしい。",23,6
"イチ保護者からすれば、部活動の民間移行は賛成。しかしながら民間に移行した後、部活動の指導者が近隣のスポーツ少年団の指導者になるのは反対。娘は、スポーツ少年団の指導者からの差別・パワハラを受け、スポーツ少年団からやめさせられただけでなく、それが理由で人を信じられなくなり、一時期、不登校になりました。それだけでなく、スポーツ少年団の指導者というのは、自分の生きがいのため、私欲を満たすために指導をしている人がいるだけでなく、各競技団体のルールや方針の改訂、学校施設の正しい使い方などを理解せぬまま、なぁなぁでやっている指導者も多数います。民間に移行するということは、それなりのリスクも負うことも理解してほしい。",23,6
"個人的にあるべき姿はこれかな。①基本、教員の教員としての部活顧問禁止（タダ働き禁止）②部活動の顧問管理（募集・採用・給与支払い等）は市が一括する。なお顧問の給与等の経費に関しては市と利用者が折半する（３：７の割合とか）③顧問は基本学校外から招へいする（公募、もしくは一本釣り）④③が難しい場合は教員が非常勤（兼業）として働くことが可能（自分の学校でも近隣の学校でもよい）⑤④の場合においてその給与は③のものと同一とする⑥週２回程度、部活動禁止日を市が設定するこれなら顧問をやりたい教員はやればいいし、やりたくない人はやらなくていい。基本受益者負担すべきだよ。水泳とかそういう感じになってるでしょ。ほぼみんなクラブチームに所属しているしね。",4,1
"教員です。「学校の部活動を地域に移す改革が進行中」って、本当ですか？進行しているようには見えません。進行しているのなら、今年度に入って部活動の数や大会の数が減っていなければならないのに、少しも減っていません。「学校の部活動を地域に移す」つもりでやってみたけど、指導者が見つからないため「とりあえず学校で続けてくれ」ということになって、その「とりあえず」がずーっと続く、という事態は、以前にもあったような。「学校の部活動を地域に移す改革」ではなく「学校から部活動をなくす改革」を実行しないと、教員志望者は減る一方で、素人顧問は減らずに増える一方です。",5,1
"ゆとり教育にしてもはっきり失敗と断言できる。英語の業者テストを大学入試に導入する案はよくぞ思い止まったという感じ。とにかく考えることが実情に合ってないのだ。地域移行などして、生徒のことをよくわかっていない人間に任せて、生徒にいい活動なんてさせれるわけがない。人数が少ないならどんどん合同チームを作ればいいのだ。生徒のことをよくわかっている教員が交代で見ればいいのだ。",4,6
"元々、各公立学校に設置（というべきか）されている部活動の種類はバラバラ。だから、必ずしも自分の入りたい部活がないこともあった。学校から切り離して一定地域内共通の部活とすることで、この点は「ある程度は」解消できるとは思うが、もちろん移動の問題が発生する。普段はネット上で活動して、合同練習は、月に１回とか2回とかが可能なものもある。オンライン高校ではe-スポーツなんかでこういう例があるので、それはそれで良い。問題はチームスポーツ系で、そもそもある程度の頻度で集まらないと連携プレーの練習も、練習試合もできない。これが問題。ただ、移動についていえば、この話が出る前から、過疎地では、大会会場まで誰が送り迎えするかが問題になっていた。片道1時間、2時間を他の家庭の子供を乗せて移動するのは自分の子供だけを乗せている時より心理的重圧がかかる。こうした問題も同時に検討する必要がある。",16,3
"時代が違うと言えばそれまでですが、今の中学校は、放課後部活が週3日程度、活動時間30分〜1時間、冬季は活動無し。そんな中で土日の活動は地域へ移管(有償)子供達は学校でどう部活と接すれば良いのか？短い活動時間でどう試合に参加できるほどの練習ができようか？教員の働き方改革の名のもとに始まった取り組みであれば、午後から勤務の教員を雇うとか、部活に比重を置いた職員を雇うなどは一切しない。子供の時間だけを犠牲にし、現職の教員だけ守り、地域の善意に負担を課す。今の時代、部活に参加するのも個人の自由、地域で行われる有償の練習に入る入らないも個人に委ねられる世の中。少子化も加速する一方で部活動も衰退するようでは小中学校で広げられた裾野が狭くなり、各競技人口もあっという間に減少するのでしょうね。",1,14
"不平等の象徴のような変革となるだろう。まずは土日の活動に制限を設け、遠征だの練習試合だの最小限にすべき。全体にはバランスのとれた中学校生活がとれた上でもっとやりたい子は個人的に習いに行くなりすればいい。今の時代、テクニカルな内容はネット動画を活用する手もある。教室の動画学習と同じ。競技じゃなく好きの範囲でやってる子が大多数。照準を変えない限り、教える側、教わる側、保護者に負荷がかかり、何のための部活かっていう議論になる。",3,5
"社会人になって大人になって生活費を自分で働いて稼がなければならなくなると学校生活中は同級生・クラスメートととしか交流しなかったものも老若男女と交流をせざるを得なくなる。(引きこもり、ニートで親のすねかじりになったものは別( ´艸｀))そのためにクラブ活動は必要。一方で働き方改革、コンプライアンス等々で学校の先生も労働者としての権利意識が大きくなりつつある。(昔からある労働組合員意識とは別)部活動の地域への意向は止むを得ない！毎日、休日活動に拘るべきではない！",3,1
"中高は公立で運動部に居ましたが教員が指導に来る事は一度もありませんでした実際そんなものではないでしょうか人手不足も深刻な中これまで発生してこなかった費用というのは教員への皺寄せに甘えていただけとも思います部活に限らず公立は互助を前提としなければこの先成り立たないと思います",1,1
"それぞれの立場で賛否両論あるのは当然。仮に地域の指導者に委託できたとしても、用具や施設設備などの問題もあって活動場所が学校になるケースが多くなるだろう。そうなると結局当該校の教員が出勤することになる。しかも実際に指導していないとなれば、休日に行った部活動に対して支払われている指導手当が支給されない。簡単にはいかないね。",5,2
"経験者として、部活動は負担でしたが楽しい思い出も沢山あります。生徒の性格や特性がとてもよく見えて生徒理解、生徒指導面では実践研修のようなものでした。どんどん上達したり、自分なりの考え方を持ってもっと知ろう、もっと鍛えようと成長する姿が行動や言葉遣いなど、どんどん自立に向かっていく。学校の中でテストでは見えない姿がそこにある。お金の問題ではありませんでした。自分の家庭、健康は犠牲になりましたが、望んだ仕事であったので強引にできたのだと思います。もう少し上手に取組むべきでも、そんな事が言える環境でもありませんでした。余程元気な方でないとすぐに疲れ果てます。見直しはして欲しい。ただ、犠牲を覚悟で子供たちと共に過ごしたいと思う指導者もいます。そのような指導者には、特殊勤務手当を今の1日2500円などと言わず、もっと公的機関が負担するなり、保護者が負担するなりして学校の先生には頑張って欲しい。",84,134
"顧問だけじゃなくて実は各協会の役員も結構学校職員がやってて成り立っている所が多いです。協会も一度解体して組み直すくらいしないと真の部活動改革はなし得る事は出来ないと思います。",40,3
"居住地域で大きな差が生まれるのでやめて欲しいです。市や国が責任を持って田舎まできちんと講師となる人員を各学校に手配してくれるのであれば良いのですが……田舎の過疎地の医者不足と同じになります！誰も僻地には来てくれないし、優秀な人は都会に出て行くばかり。運動部は地域のジュニアチームが若干ありますがコーチは保護者で、仲良しの親御さんの子供がレギュラー入り必須。辿れば地元有力者の親戚だったり。文化系は…年配の方がやっているピアノ教室はあっても金管、木管、打楽器を習う教室はありません。講師として知り合いを呼べるような人脈も途切れ途切れになるような年齢の方です。絵画教室も市に１軒くらい。進学塾もサテライン予備校が精一杯の地域。これ以上、格差をひろげないで欲しい。",1,10
"中学部活動の大会を廃止して下さい。子供がブラック部活に在席してました。365日、ほぼ活動し、中学３年の11月まで大会に出場（補欠）してました。体育の内申点が下がる、仲間外れになる等の理由もあり辞めれなかったです。偏差値のないようなスポーツ私立高校に進学できましたが、将来を考えるととても不安です。一部の才能のある子供を持つ親御さんは良いですが、たいていのご家庭の親御さんは、勉強とスポーツ、バランスの取れた学生生活を望むのではないでしょうか。大会は地域スポーツに任せ、大会のない部活動の活動運営を望みます。",3,1
"部活動って良くも悪くも日本人の気質を形創ってきたひとつの要因とも言えるのでは無いでしょうか…。熱血教師に熱血/理不尽指導、それに没入する生徒部活動に目もくれず、ばっくれ校外活動にいそしむ生徒これらが混在し、大人になり社会を形成してきたような…数年前より、部活動に対する議論や、部活動自体の雰囲気、内容に変化が生じ、結果的に…どうなんでしょう？世の中は良くなっていますか？",2,1
"小学校の時の部活動について、少林寺拳法の経験者の先生が赴任してきてにわかに少林寺拳法クラブという部活が出来たことがあった。先生の経験を生かしたいい話だとは思うが子ども心にも転任したらどうなるんだろうと思いました。また、大人ってのも案外、後先考えないもなんだなあ、ということも....。",6,1
"地域移行によって、生徒に学校以外の居場所ができるメリットもある。日本の中高生は学校以外に居場所がほとんど存在しない。自分が所属意識を持てる集団に出会える確率があがれば、その分生きやすくなるのでは?",8,1
"少子化の御時世だからこそ必要なアクションだと思うよ。勝ってひとつまみもないプロ選手と指導者の名誉をつくる部活だけじゃなくて、多くの人の長い人生を健やかに豊かにするスポーツもあるべきだ。",5,1
"少子化でチームが組めないためという理由であれば地域移行は賛成です。しかし教員の負担軽減のためというのは賛成できない。部活動が教員の多忙化の諸悪の根源と言い切っていいのだろうか？むしろそれ以外の無駄な調査だのテストだのICTだの上からの押し付け的な業務の方がよっぽど苦痛だ。部活をやってた方がよっぽど生産的です。下手に部活動地域移行を進めたら、今まで以上に無理難題押し付けられるような気がしてならない。",8,6
"教育関係者と思われるコメントの多くに、部活指導が長時間勤務の原因で部活の顧問をやらされることが不満との記載がある。であれば、公立校では部活を廃止して甲子園や全国高校サッカーは裕福な私学だけのイベントにすればよい。それならすぐに実行できるのではないか。",2,1
"地域移行はごくごく一部での実施にとどまるのでは。まず、地域指導者が確保できず、指導時間も限られるはず。更に、保護者が指導者に謝金を渡さなければいけない現実に直面したとき「賛成」とは絶対にならないのでは。",18,5
"記事で指摘されている地域移行の課題は、学校単位の部活動ではかからなかった指導者への謝金の発生するなどの経済的負担、生徒と接する外部指導員が不足していること、が挙げられています。しかし、部活動に指導料等がかからないのは、今現在教員が定額働かせ放題のタダ働きをさせられているからです。奴隷のように土日も働かされているからです。教員を搾取する違法状態のままでいいのでしょうか？また、教員は月の平均残業時間が過労死ラインを超えるブラックな仕事です。部活動がその一因になっています。そんな状況で連日報道されているのは、教員不足や公教育の崩壊の様子です。「外部指導員が不足しているから地域移行は困難でできない」などと悠長なことを言っている間に、若者が忌避して教員が確保できずに公教育は崩壊確実です。もう待ったなしの状況です。部活は地域が担うか、それが無理なら一旦廃止して学校からなくすべきです。",49,2
"ドクターXの決め台詞ではありませんが「教員免許がなくてもできる仕事」までなんでもかんでも仕事に組み込まれているから、本来の仕事に割く時間がないというのが一番ネックです。校務分掌をなくすべきです。数学の教員が図書教員まで兼ねたり、給食費の決算やったり、部費の徴収管理とおかしいです。まずはここを精査。そうすれば心に余裕ができて、部活を指導できる、やりたいという人もいるでしょうから、それはそれはきちんと見合ったお金を払う、とすべきです。あと、他国みたいに部活をシーズン毎に変えるべき。そうすればシーズン中だけ地域指導者に頼めばいいので、少しは指導者を見つけられるかも。引き受けたが最後、毎日ずっと、であれば誰も引き受けませんが、年に３～４ヶ月だけならやってくれる人はいるかもです。子供も、一つのスポーツだけでなく色々やってみるべき。万年補欠の子にも別のスポーツならチャンスあるかも。",3,1
"部活動を地域の方々にお願いする...「競技が出来る」からといって、思春期の子どもたちを「指導・教育できる」のでしょうか？　そこでもし、暴力的な言動があったときは、誰が責任を取るのかな？　「教育の素人さん」の事前の人材育成は？先生方の負担軽減も必要ですが、部活動をとおしての生徒たちとの交流も貴重なものではないかな。本件、千代田のビルの中だけで、教育の素人である官僚たち、エリート教育しか経験してない現場上がりの教員たちだけで、解決できるとは思えませんが...もっと、現場に根ざした議論が必要かと...",5,3
"担当したくない教員が部活をするとどうなるか。目立たないように生徒のやる気を削ぎ活動時間を減らすように仕向ける、生徒が来なくなろうがなんだろうがとにかく放置、他校の練習試合の申込みを邪険に対応し話が来ないように仕向ける、試合で負けるように祈る、部が機能しなくなり生徒が少なくなったら喜んで指導部に廃部の話を持ちかける、少々オーバーに言ってるがそういう気持ちで部活に接してきている事実。最低な行為で生徒には大変申し訳無いとは思うが、教員に強制的に興味のない部活を押し付けた結果としてやむなしと自己正当化してる自分もいる。中高を大至急地域移行すべきだ。",4,2
"野球やサッカーテニスなどという普通の部活動以外に、例えばプログラミングや英語のみで過ごす環境、ビジネスや金融を学ぶといった将来に役立つ部活動も普及してほしい。",3,1
"学校の先生って本当に多忙。未来の子供達のためにも、いい先生が元気で、いてもらうことは必須。疲れていない、働きすぎていないことが未来への光。部活が悪いわけではないけれど、先生たちの勤務について考えるべき。明るい未来のためにも地域移行してほしい。",13,2
"必要な流れかと思いますが、甥っ子のサッカークラブは入る時に8万円かけてユニフォーム一式買わなければならなかったそうで、子供の貧困が叫ばれる中、スポーツの機会を子どもから奪わないといいなと思います。",2,1
"生徒の立場で考えてみましょう。15時すぎに放課になり、いままででしたら通っている学校で１５時半くらいから部活動として活動できます。高校生であれば、１８時まで活動できれば、２時間３０分です。学校に用意されている部活動は２０程度、選択肢は多く、生徒も気軽に参加できます。しかしどうでしょう。地域移行になれば、拠点の場所に集まり始めるのは通常１７時過ぎが主流です。指導者が集まりませんから。１７時から始めたとしても２時間で１９時。家に帰れば、２０時。勉強に支障が出ます。第一、別の拠点まで行くほどめんどくさいことはありません。他の知らない人たちの中で活動するのは勇気もいるでしょう。そこまでしてもやりたい生徒はすくないでしょう。現状の半減では済まないかも。多くの青少年は活動せず家にこもるでしょう。生徒たちの学校活動は大きく減少し、多くの経験や発達に問題が生じると確信します。",14,47
"高校野球地方予選などを見ていると複数の高校が合同チームとなって参加しているとか、野球に限らずとも本来単一校で活動する部活動が部員不足などによって活動できなくなっているのも理解できるけれど、やっぱり学校単位で活動するべきだと思う。野球・サッカー・水泳などのように習い事の延長で地域にクラブがあれば救済できるけれど個人競技や文科系まで地域に丸投げするのには賛同できない。",6,31
"教師が部活に関わる時間相当の賃金を得ていないのだから、教師に管理責任が発生する形は不合理。部活指導も含めて業務とし相応の賃金を払うか、そうでないなら教師の関与は求めないようにするしかないですよね。",4,1
"学校単位でなくなることは賛成ですが、クラブとなると運営費もかかる。クラブ費を出せる人しか活動が出来ないような方針には反対子供たちのやりたいことの芽を摘むような仕組みにだけはならないでもらいたい",2,3
"> 一方で、指導員への謝金など学校単位の部活動であればかからなかった費用が発生するなど、保護者の金銭的負担が増える可能性も指摘されています。そもそもこういう認識が教員への負担を黙認した背景にあって社会問題化するまで放置されたのだから、保護者の負担がどうこうとかナンセンスなんよな。部活動が教育の一環という認識で行われるならば、専門の指導員を置いて補助金出すなりするしかないと思うけど。",2,1
"自分の子供を学校外のJr.スキーチームに入れた経験から言うと、大変良かったと思う。小学校，中学校の時だけれど。学校というクローズされた世界の外である事が子供にとって違う世界があることを認識させられた。これは人間関係の形成にも役立つと思う。特にいじめなどの人間関係で悩んでいるら子供などは逃げ場ができることにもなる。中学校も部活動として認めてくれた。もう15年も前のことだけれど。",1,1
"教員の時間などを考えると、学校から部活動を切り離す事には賛成である。でも、それがなぜ外部でやらなくてはいけないになるのか…地域で活動できる場所がなかったり家庭の金銭面で難しい子もいると思うので、外部に入れ…ではなく、下校後やりたい人だけやるではダメなのだろうか？",1,1
"アラ還世代です。中高時代何かの部活特に男子は体育系に入って週七で参加が当然の空気感がありました。部活なしの子は変な子と見られ、協調性が欠けるとして内申書に響くとまで公然と言われたものです。その実指導はさして競技の事もよくわからない教師が水飲むな、走れなど根性論を振りかざして本当に苦痛でしたね。やっとまともになるかと期待します。やりたい子は、科学的指導ができる専門家にそれ相応の指導料を払って参加すれば良いだけの事。空いてたら学校の施設は貸してあげれば良いけど、維持管理費用は徴収すべきです。万一の事故に対する責任云々言われる事も想定して保険料も学校が負担すべきでなく、やはり受益者負担で払ってもらうべきです。帰宅部の子も何の問題もないわけで公平性の問題から学校はクラブ活動とは距離を置くべきです。",2,1
"「部活動は学習指導要領にはない。部活動の顧問は教員が自主的にやっているのだ」という文科省のスタンスがこの問題をぐちゃぐちゃにしている。文科省が「自分たちはしらない」という態度を改めない限り、絶対に解決しないだろう。地域に移行するべきという意見が多いようだが、場所は？指導者は？お金の問題は？と、まったくめどの立たない問題が山積していて、結局「教員の善意で」部活動が存続していくことになるだろう。",3,1
"＞指導員への謝金など学校単位の部活動であればかからなかった費用が発生するなど、保護者の金銭的負担が増える可能性も指摘されています公立中学の部活でも運動部は部活費（金額は少ないが）取ってるケースが多いよね保護者が服を揃える等々かなりの高額な金銭負担は発生しています送迎で軽自動車等の場合他の保護者から影口を叩かれ、７人乗りに車を買い替えたりするケースも発生していますよ土日祝日働いている親なんかも送迎に参加できず、陰口をたたかれているケースも多くありますよ",7,2
"学校からの部活動排除は賛成です。体育以外の専門的なスポーツがしたいならお金を払って教えてもらうのが当たり前でしょう。文化的な分野も同じ。それは学校や先生の役割では無いし、税金で行う事でも無い。税金を使い無料で好きなスポーツを本格的に教えてもらって厳しければ文句を言い責任を追求するって一体誰が得をするのか？？塾には惜しみなくお金を出して自己満のスポーツ活動にはお金を出さないっておかしいよ。",15,1
"本気で働き方改革をしたいのなら部活の地域移行よりも正規教員の数を増やし学習指導要領を見直し一学級あたりの定員を減らすこと小学校もブラックなんだからそもそも学校をブラックにしたのは90年代以降の教育改悪による負担増が原因総合的な学習の時間道徳の教科化教員評価キャリアパスポートGIGAスクール構想地域連携教員など廃止または見直せるものが多々あるその上で一番無駄な報告文書の作成や事務仕事削減が不可欠部活動に関しては手当てを増額して（大田区の部活指導員の月20万を目安にする）顧問を希望制にするその上で可能であればフレックス制を実施して学校地域民間で連携して3名以上の顧問で見るようにして、部員不足対策は連合チームの要件を緩和する受け皿なき解体は失敗するし、学校に教員にお金をかけて大切にする政策をしないと上手くいかない公立中学校の生徒の実態を考えたら部活動を切り離すのは間違い",8,13
"学校での部活は基本的に廃止して、地域社会での活動に移行すべきだ。文科系、スポーツ系を問わず、新たな教育産業として受け皿を育てれば良い。雇用と景気に好影響を与えるだろう。",7,1
"学校が外部の講師を雇うべきだと思います。地域に任せる＝賃金が発生しないとなると、いわゆる「やりがいの搾取」になり、適切な対応ではないと思います。自治会やPTAの必要性が問題視されている状況もありますので、地域にそんな余力がある人が揃っているとは思えません。",2,3
"教員の家族として切実な問題です。ぜひ部活動を教師の仕事から切り離してください。いま息子は未経験の部活の顧問を持たされ、平日、土日共に休みなく働き詰めです。部活に取られる時間が授業の準備や、プライベートに使えたらどんなにいいか。過労死ラインを超してまで働いている教員たちを部活から解放してください。",21,3
"学校によるかな。校区で決まった所に通う公立小・中の間とかは地域指導でいいと思う。ただ、私立校とか、高校になったりで複数の地域から電車通学してくるようになると同じ学校の子と活動するのが難しくなるから活動場所として学校を使える、または指導者を招く形に出来ると良いかなぁ",3,1
"記事の問いかけは「これから段階的に進んでいく」前提だと思います。しかし、部活動はあるとき突然ばっさり切られてしまうかもしれないと思っています。TBS NEWS DIG は5月10日、「2023年4月の始業式時点で、勤務先に「教員不足が起きている」とした教頭・副校長が小学校で約20.5%、中学校で約25.4%でした。また、産休・育休や病休など休職する教員の増加で、年度の後半になるにつれてより教員不足が深刻になる」という動画を配信しました。授業がちゃんとできないのは大問題です。教員不足解消が文科省喫緊の最重要課題です。文科省は平成30年2月8日の「学校における働き方改革特別部会 資料2-1」で、「学校の業務だが、 必ずしも教師が担う必要のない業務」の一つとして部活動を挙げています。",24,2
"教員です。次のように書かれています。一方で、指導員への謝金など学校単位の部活動であればかからなかった費用が発生するなど、保護者の金銭的負担が増える可能性も指摘されています。また活動場所が確保できなかったり、生徒と接する外部指導員が不足していたりするなどの課題も指摘されています。↑ここに答えがあります。つまり、教員にやらせれば費用がかからず、保護者の金銭的負担も増えず、場所も確保でき、指導者（とは名ばかりの素人顧問）がいたということ。これだけ学校に負担がかかっていたという証拠です。これを学校から外部に移行すればどうなるかは明白で、それを了承してもらうしかないです。反論覚悟で言います。できないことはやらなければいいです。スポーツの発展が止まってもそんなの知ったことではありません。お金をかけられる人たちで勝手にやってください。",43,4
"「ダイバーシティ教育」と言いながら、部活動を地域移行すれば指導者が身近にいる活動しかできなくなるのでは？矛盾してますよね。メジャーな部活動以外は無くなっても構わないというメッセージに聞こえます。休日の部活動の外部委託と、平日の勤務時間外の部活動指導の違いは何でしょう？同じように手当が必要ではないですか？それとも部活動は休日のみにしますか？",5,1
"教員の妻です。土日も部活動があるからと練習や、練習試合で一週間休みはありません。子どもがいるのに、土日も休みがないのは家族にとっても、とても負担が大きいです。なので地域移行になり、土日は休みになることを願います。",18,1
"ウチは水泳部。元々クラブでの活動が主で、大会の時だけ学校名で出るというスタンス。顧問も一応いますが指導なんてしないので、活動自体は地域移行でも構わないのですが···夏のこの暑い季節、学校プールでの練習が醍醐味だったのに、部活でのプール使用禁止！って何やねん！！正味2ヶ月そこそこしか入れないのに、監視の顧問の先生が居ないからと···そもそも居たことなんてないでしょ！！グラウンドや体育館、音楽室など学校の施設は、そのまま生徒が使える形で移行して欲しいです。",1,13
"部活動地域移行なんて行ったところで生徒や保護者に対して「人物・指導力・実績共に文句無しの人材」ってどれだけいる？って話し→例えば、超進学校なら余程の人物保証が無ければ斡旋した学校(校長)の責任問題になるから人探しが難航…運動部なら生徒児童の運動レベルが低くても運動生理学的に適切に指導できる人材は世間の予想の半分の半分もいないのが現実",5,1
"学校を離れた地域のスポーツクラブ形式になると、今までと比にならない数の犯罪が起きそうですね。犯罪とまで行かなくても問題が起き、生徒が巻き込まれるかもしれませんね。容易に想像できる事案がいくつあるやら。",1,9
"『部活の地域への移行』は良いと思いますが、都会のように人材や施設のあるところは良いですが、田舎なんか人材はいない、施設も社会人クラブ・組織も無いところはどうするの？何時も同じだけど、国の（今回は文科省）役人の考えることは机上の空論。学校での部活への地域人材活用なんて、約30年前に提言レポートを当時の文部省へ出したし、その後、自分の地域の中学校で実践した結果、都道府県レベルの陸上大会で優勝まで行ったよ。その時に何もしないで、今更言い出したって遅いね。",7,2
"部活動の地域移行の話しの前に、学校はボランティアさんを利用し過ぎている（地域差があるでしょうが）。学校が利用しているあらゆるボランティア活動に報酬を出すことを考えては！そして部活動の指導者にも報酬を出すべきです。人手不足なのは学校だけではありません。それに老若男女働かなくてイイ人なんて今時いませんからね。",2,1
"文科省曰く「顧問は仕事でない」故に顧問手当０、平日残業代０、土日付き添い費最低時給未満、にもかかわらず問題があれば責任を取らされ処分される。そして、今やイジメ事案の半分くらいは部活内？その効果は認めつつ、残念ながら、部活が学校活動の足枷となる時代になってきた。文科省は免許更新の際、強権発動ができたのだから、鶴の一声で部活を全廃したらどうか？文科省や委員会は「民間の活用」をうたうが、今こそ部活を民間に委ね、塾やスイミングのように、放課後にやりたい生徒が金を払って活動をする。払えない生徒はやれないが、それは今の日本の経済システムでは仕方がない。今まで全国教師がどれだけの労働時間を無料で部活に捧げてきたかを思うと、今の状況は何か泣けてくるが、もうそろそろ限界にきてますね。非常識なやつが多いと世間から叩かれるこの業界も、そろそろ世間並みの常識ある勤務形態にすべきではないか。",11,1
"もう部活動という名前を変えたらと思います。学校の授業が終われば基本は帰る。そこに放課後学校の施設を利用しての習い事みたいな位置付けで、やりたい人はそこへ通う、みたいな。だからサッカーやりたい人はこっちの学校で、野球はこっち、みたいな近所の学校で行き来したって良いじゃないか。",4,1
"スポーツを真面目にやらせたいのなら、お金はもちろん指導者がいない場合の家庭からの協力も必要だと思う。共働きで家庭に時間もない、金も出さない、だが子にスポーツをめいっぱいさせたい。だから学校で、となるとワガママすぎだと思う。本気で部活動やらせたいなら自分が無償で指導者になる、くらい思ってないとね‥虫がよすぎだもんね。学校に色々求めすぎたんだよね。今後は正しい形になるだけだよ。",5,1
"地域に移すべき。大阪の豊中市でも、かなり前から実例がある。急にはつながらないけど。・孤独なシニアも多い。（都市部は異様に感じる。）・教師の行き過ぎた労働量。・ダブルインカム家庭の子育て関与。先祖さんが寺子屋を運営されていた、お寺さんにお話をきいたことがある。働き方や地域コミュニティが急激に変化しているが、教育は変化に時間がかかる。文科省さんは政治力に疎いし、政治家さんもその投資効果がイマイチ理解できてない。学校教育は追いついてない。これらは、事柄は結構リンクしている。総合的に考えて、我々は地域に目をむけるべき。",5,1
"吹奏楽部だと、コンクールの参加資格を変えてもらわないといけないんだよな………高校野球では合同チームなんてのもあるけど、できればサッカーのクラブチームみたいに年齢基準で。また、指揮者を教員・生徒・卒業生に限定してるのも外してもらわないと。",3,1
"地域移行なら学校は口も金も出さなくていい。その代わり子どもたちの放課後の時間は子どもたちのものとして考えてほしい。宿題や課題は無くして、勉強は学校の時間内で完結させろ。部活なくなりました→時間出来たんだから補習や課題増やします！ってのは全面禁止にしてほしい。",1,4
"高校教員ですが、心の底から部活動をなくしてほしいです。部活がしたくて教員になったのではありません。部活がなければ超過勤務の時間は半減します。部活動が嫌なので、転職も考えています。",72,8
"地域移行って無料じゃ無いわけだよね。その人の給料は時給1000円？そんなのじゃ生活出来ないし良い指導者確保出来ない。その分の費用教員に支払えば良いんじゃ無いかなぁ。率先して引き受けると思う。",2,7
"良いんじゃないのかな～保護者が内緒で教員へお金を渡すこともなくなるだろうし実力のない子どもにレギュラーを望んで一肌脱ぐ奴も減るでしょう学校単位ではなく周辺の地域代表選手で挑める協議も増えるでしょう",4,2
"子供・保護者・教員・政治家・各種教育の専門家、「八方みな良し」の結論は出ないよ。子供・保護者の視点で見れば、「これまで無料で受けられてきたサービスがなぜ『今、自分の子供のこの時に』なくなるのか」って不満は当然出る。政権・政治家からすれば関わりたくない議論だ。教員からすれば「私生活つぶしてその時間つぎ込んでくるのが強制だった」って感覚になる。ただ、日本は特殊言語国家で「不利益な労務環境」でも人材が他国に流出しなかったし、「教育公務員だけは過労死しても４％固定残業代で校長命令外扱いね」って国際的な人権感覚鑑みればありえない法律さえ50年も続いてる。結局既得権益失いたくない保護者・票失恐れ現状変えたくない政治・疲れ果てやめていく教員・その様子をSNS可視化で理解し教職を避ける若者、構造的な利益相反だから「対策してる形で現状維持」が落ち着きどころ。まして解散前。何も動かないよ。",8,1
"今まで教員の皆さん、家族や自分の時間を犠牲に土日までボランティアでやっていただきありがとうございました。ここからは地域で子どもたちの教育は無償で面倒みさせていただきます。という余裕のある人はこの日本にはいないでしょう。",13,2
"中体連、高体連、高野連、○△連盟（○△は競技種目名）それらの組織は見事なヒエラルキー組織を全国津々浦々の小中高大学校に浸透させています。加盟費と称する謎のお金の徴収は学校の顧問教員が担っています。他に柔道部などでは、黒帯を着用して大会に出るためには選手1人が2万超の額を支払う必要があります。つまり、そこには利権が存在しているのです。また、それらの組織に貢献できる教員には出世の道も用意されることもあるのです。部活を学校から切り離すのは、健全な労働環境の確保という視点からは当然すぎることなのですが、上記の連中がそれを許しません。この国の政治もそうですが、既得権益を手放したくない偉い方々が、あらゆる社会問題の解決を遅らせているのは事実です。文科省に大鉈を振るう気概はあるのか？　無理ですね。引き延ばして社会の関心が低くなり、少子化で部活動が縮小されるのを静観しているのでしょう。",4,1
"部活チームが学校名を名乗るからおかしなことになる。部活動は教育課程外の活動なので、一旦すべて廃止し、地域のチームとして最立ち上げすればよいのかなと思います。それが出来ない地域は諦めるしかないと思います。",22,5
"10年間にわたり、中学の部活動に携わってきましたが、外部に委託するとなると、先生が監督をしなくなるので、上手い子だけしか試合で使わないような気がします。先生は、上手いこと全員を試合で使うようにして、保護者や子ども達のモチベーションを保ってくれるけど、外部に委託となれば、強いチームを作るために、運動能力の劣る子達は蔑ろにされそうな気がするんですよね。",1,1
"学校の先生の働き方改革という点ではいいと思ってましたが、土日に水泳部が地元のスポーツクラブに来るようになり、何レーンも占拠するようになり困っています。ただでさえ、スポーツクラブのスクールとか、大人向けのプログラムで使えない時が多いので。",2,2
"部活でもらえる給料をあげる！そのうえでやりたい人はやればいいし、やりたくないやつはやらなきゃいい。それが1番いい。学校の中に部活の指導もしないし、担任もないし、楽してるのに給料が同じってことが起こるからみんな不満が出る。",3,1
"人権侵害をメリット・デメリットで議論する感覚が非常に気持ち悪いです。いじめのメリット・デメリットを考えますか？人種差別のメリット・デメリットを考えますか？強制労働のメリット・デメリットを考えますか？そんなもの考慮する余地もありません。「絶対ダメ」で終わりです。部活動は人権問題の１つです。",19,4
"スポーツする子の保護者です。結果としてスポーツ離れしてしまっては教育的によくないと思います。学校施設を使用可能にする（これが大きいかと）。指導員へはしっかり国が謝金を払う。など、地域任せにせずに国が舵取りを！！国として人口減に伴って全てが尻つぼみになっていけば、日本の未来は暗いです。",1,2
"地域移行することはよいことですがそこにいくらの費用がかかるのか、なぜ今教員はほぼ無料で部活をやってるのか。地域移行できる金があるなら部活の手当てをきっちり出すところからしようよ。",9,1
"部活動の地域移行勝手なことを言っている人達が多いが教員は本当に部活動を切り離したいのか地域は本当に部活動を引き受けたいのかまた引き受ける力はあるのか保護者は本当に部活動を地域へ移行してほしいのか教職員へ負担をかけていることを理解しているのか生徒は本当に地域に移行した方がいいと思っているのか本気で部活動をやりたいと思っているのかそして全てにおいて多様な意見があってそれを全て満たすのは不可能だが教員も地域も保護者、生徒も自分に都合の良い甘い蜜だけを吸おうなんて考えはやめてほしい",1,8
"入りたくなかったけど、絶対入らなきゃ行けなくて、仕方なく入った隣の中学校は、運動部しかなく、遣れない人は、草むしりと聞いた事がある部活遣るくらいなら、就職に役に立つ、お稽古遣った方が良いと思う貧しくて、習い事出来ない人のために、就職に役に立つ、部活だけにすれば良い",6,1
"学校の先生が土日に出勤して部活動。自分の子どもの運動会にも出れず、家族と遊びにいくこともできず、休日手当も出ない。教師とその家族の時間を奪って成り立つ部活動って何なん？と思う。そんなものは奉仕でも何でもない。",5,1
"部活に深く長く関係性を希望する教師には手厚い手当を支給すべき、一方任意の教師で担い手がいないならば民間委託する方式しかないでしょう。いつまでも古いやり方に固執したり、新しいことに取組むことに躊躇してること自体が事実上の思考停止で子供達が犠牲者となる。",4,1
"都市部とそれ以外では状況が違います。運動部と文化部でも状況が違います。生徒のやりたいこともそれぞれ違います。今できそうかもしれないことは、メジャーなスポーツのガチな部員を地域で見ることくらいかと思います。",3,1
"学校の先生が忙しすぎるなら地域で連携取りながらでもいいんじゃないかと思いますが、地域によっても状況違うんでしょうね。　連携とかルールとかが今の世の中なかなか難しそう",1,1
"私の通っていた学校は隣の学校まで車で30分以上かかります。地域でやるにしても、合同での練習はほぼできません。田舎では指導員を見つけるのも大変だと思いますね。",1,1
"学校の部活はスポーツを引退した人がコーチとして生計を立てて行く道を閉ざしてしまう民業圧迫になるので絶対に反対。スポーツは民間で正しい指導を受けるのが上達への近道です。",1,1
"地域移行に関して変換期ですから試行錯誤が必要です。間違った方針も出てくるでしょう。いろいろな出来事を乗り越えて子供のためになるものにしてください",2,2
"無給で使える人というのは、要するに奴隷だ。教師は奴隷ではないので、残業代（ほぼ）ゼロで部活動の面倒を見させるのは、倫理的にも法律的にもアウト。子供が関係していることとは言え、教師の人権問題も絡んでいるので、この問題をいたずらに長引かせるべきではない。例えば、「来月から教師は部活動の顧問をしません。もし顧問なしの部活動で問題が発生した場合は、その保護者に責任を求めます」という決定をしたらどうなるか。そうすれば保護者は、直ちに①自分が顧問になるか、②同じ部活の子の保護者に頼むか、③外部の人間を雇うか、④子供に部活を辞めさせるか――等、（本当の意味で）真剣に考えるだろう。で、その時に気づくだろう。「この負担を教師は無給で負担してくれていたんだ」と。",3,1
"先ずは部活動の廃止を、たとえ極論としても、考慮の一つにしないと明確な議論はできないと思う。外部指導者というが、根拠ある報酬を出さないといけない。これ一つとってみても、教員のタダ働きを矯正していたことが露呈する。",6,1
"地域っていうけど、指導者いないよね。いい給料を払うなら、それなりに・・現実、地域に移行は無理だと思います。やめたほうがいい。あやふやになるね。死亡事故、事件、猥褻行為、誰が責任を取るのか。やめましょう。先生でいいと思います。",1,5
"外部のクラブの場合月謝とかかかるんかな？うちの娘は、部活がなかったから外部の新体操クラブ入っとったけど、月謝はあったから、学校の部活は道具代だけでスポーツや楽器とか経験できて良いなぁと思ったわ。先生は大変やろうけどな。月謝かかるから諦める子がおらんかったらええなぁ。",1,3
"教員も疲弊しきっています。もはや何かを諦めないといけない時代です。授業ができなくなる学校と部活ができなくなる学校どちらが生きていくのに必要かは、もはや明確です。",3,2
"子どもが私立中学に行っているが半数近くが帰宅部、また人気のあるのが天文部、パソコン部、ESS、料理、茶道などの文科系。公立では内申点を考えて無理矢理やりたくもない部活をやってる人もいるのではないか。確かに部活は地域の非行防止などに役立っていたかもしれないがスマホ社会で今やそれもあまり役目を果たしてない。内申につながらないよう改革してほしい。教師も負担、やりたくもない部活をやる生徒も負担、ダレトクでもない。",4,1
"欧州や欧米はどういった形なのでしょう。ガラパゴス的制度の多い日本なので他の先進国の例も参考にするのも方法の一つかなと思います。今のままでも改革してもメリット、デメリットは必ずある。先生の強制顧問はやはり問題ある。",21,1
"これは駄目。部活も大事な教育の一環であり、先生と生徒の心が触れあえる貴重な場である。互いに汗を流しながら、スポーツを通じて人生の意味を学ぶ場である。学校の存在意味の大きな柱の一つである部活を他者に委ねてはいけない。",1,11
"中体連、高体連、高野連など結局は学校単位での競技になっているのをどうにかしないとじゃないですね。特に高校は運動部中心に自由に人を集められる私立優位だしね。「学校部活」って何だろうって思っちゃいます。",4,1
"日本の部活大半はプロ養成を税金でやってるだけ無くなるのは遅すぎ今頃になって母校の伝統がと騒ぐんなら死人が当たり前になる現状になる前にドタバタしとくべきだったもう是非や改革を考える段階は過ぎてる無くすしかない",4,1
"地域移行するなら全中もインターハイもやめるべきですねそこに向かって強豪校は選手を集めるのですから学校経営自体できなくなるスポーツ強豪校も出るのでは？",6,1
"2人の子育てしましたが、1人はみっちり部活をやり、1人は退部し帰宅部。部活やった方の子は、やりたいからやったわけではなく、周りがそうだからという理由で。帰宅部だった方が、今、コミュ力高く、社交的。わたしの感想は、やってもやらなくても、そんなに変わらないなと。",8,2
"部活を内申書に入れない事が肝高校入試は年三回実施して再チャレンジを可能にするとよいそして合格の割合は内申書20％　高校入試試験80％の比率にする",3,1
"学生の内にスポーツその他の課外活動に注力したいのなら、それに見合う活動をしている学校・地域を選べば良し。旧来からの形式の部活動を通して学べる事なんて、他でも学べる事ばかりでしょ。日本はいつまで戦後・昭和の価値観引き摺ってんですか？",7,1
"退職高校化学科教員である。室外競技の監督を長くやった。表題の件、教員の負担軽減を動機にした話題となっているが、違う方向に誘導されている気がする。これだけ現場の疲弊が問題になっていても、県庁は学校にほとんど利用されない報告を求める。提出先が違えば同じ内容を違う規格の書類に書き換えて、それぞれ違う方法で送るなんてバカがまかり通る。研究校指定を受けないと文科省からにらまれるので、現場が手を挙げたことにして、仕事の山をおしつけるのもやめない。スズメの涙ほどの予算で一桁多い書類を書かされることを想像してほしい。部活動が教員の首を絞めていることは、自らの経験でも否定しない。しかし、教員が知らないところで生徒が高負担の活動をすることについて、真っ当な担任なら不安を感じるだろう。結局の目的は、教育予算を増やさないことにある。カネのハナシは全く出てこないのが証左である。",3,1
"中高帰宅部のおじさんですひねたガキだったので、学校単位でつるんで、他の学校と競い合う姿に、こういうのが日本の村社会の原点になっていると皮肉っていたさらに部活は任意の私的行動にもかかわらず、どうして学校施設や電気代等を無料で使っているのかと思っていた学校単位だろうが、地域単位だろうが、私的な任意な活動であるのだから、１、学校関係者との縁を断つ、かかわってほしいなら個人的に副業として雇用契約を結ぶ２、施設使用料を払う３、学校代表的なことを言うな４、生徒や保護者に遠征費などの費用に寄付を強要するなとしていただきたい私学のように、学校宣伝に利用する目的であれば、教育関連法令の範囲内で自由にしてもらっても構わないが、公立ではやるな部活と言われる課外活動に、いくばくかの効果は認めるが、公がそれに積極的なかかわりと、責任を負うべきではない部活は部（業務）外活動の意味なのだから",8,2
"部活動の何がいいかって、どんな家庭の子も、スポーツや文化活動に触れることができる、ってことなのかな？って思いました。他に何か学校の部活にしかないメリットってあるのかなぁ……？わからない。",3,2
"もし部活残すとしたら、勤務終了時刻（17時）までのゆる部活（軽く体を動かす程度）にし、本気で競技としてしたい生徒はクラブに入るというのがいいかと。",3,1
"教師の負担も減り健全な部活になる反面、地域に任せるとでしゃばり保護者が、いろいろ鬱陶しくなるだろうね。で、生徒とでしゃばり保護者の歪な関係で、部活動が歪む。今でさえ、部活だよ？と思う場面でもでしゃばりやりたがり保護者が車出しや応援にしゃしゃり倒す。その部活、生徒の部活ですか？それとも保護者の為の部活ですか？？？子供らの自立、そんなんで出来る？って話だよね。電車やバス、徒歩やチャリなど、自分らで行けばいいんだよ、練習も試合もね。【地域に任せるなら、生徒の保護者（関係者）は絶対に口出し、手出しさせない】という取り決めは必須ですよ！！",3,1
"学校と言う、人の集まる場所ありの、部活。、集まって､いるから、、できる、やれる。、それをサポートするのが、教師。、勤務でなくて、、サポート活動です。サポートする、、ほぼボランティアです。",1,3
"日本人の課外活動への欲望と執着、依存はもうアブノーマルな領域だ。子供の放課後は親の責任。学校の先生に誰がなりたい？学校に依存してる親達は自分は先生なんかやりたくないでしょ？嫌なら先生になるなって言う人いるけど、今や本当にそうなって人が足りなくて将来の日本が危ないです。人材は無尽蔵に湧いて出てくるものではありません。",21,1
"学校の部活はやっても、やらなくても、自由なのかな？私は、移行した方が良いな。やりたい部活が無かったから、市等地域でやるクラブの方が種類が増えるでしょ。",2,1
"カレー事件の自治体は部活をなくすと言っておいて、去年は外部指導員の予算がありませんでした、来年もこのままいきます。としれっと年末に通知してた。予算がないのなら部活動を一斉になくせばいい話。段階的にだが数年あれば可能だ。2024に2026までには部活事業終了と通知すれば良い。地域のクラブや習い事に通ってくださいね、でいい。そして、部活人間関係トラブル率は高く、無料の部活に些細なクレームいれる保護者。部活は癌。しかもステージ4。教育委員会が保護者に良い顔しかしないから現場から人が去っていった。休憩もなくノンストップで定時まで生徒の相手をしている家内は狂気の沙汰である。",3,1
"教員の労働を減らすためにも必要だが問題が多い。プロの指導者を金を払って呼ぶなら良いが、近くのおっさんとか父兄がやるなら反対。部活の知識の問題では無く、人を指導する訓練を受けていない人がやりだしたら、絶対に昭和のスポ根みたいになったり、キレたり、無茶苦茶になる。そうなると地域の和も乱れる。プロを雇え、子育ての一環だよそれこそ税金使え！",1,2
"地域側だけど、押し付けられて土日両方面倒見ろと言われたら無理。こっちもプライベートとがある。その辺もしっかり制度決めしてくれたら歓迎する。",1,3
"無理。責任の所在の明確化と、残業代の支払い、してあげて。できないなら、部活を解体するしかない。こんなに安く活動できるのは、部活だけだよ。お金の保証より、責任の有無を問われるのが、一番こわいから。トラブル起きたら、一般の指導者は、まちがいなく、手を引くからね。",8,1
"やりすぎ部活動から先生や生徒が人間的な生活に戻れるだけでも効果ある。ただマイナー部活が引き継いできたものはなくなるかもしれないのか惜しい。",1,3
"教師のただ働きを前提にした学校の部活動と親の出費を前提にした地域クラブ。受益者負担の観点では後者が正しいと思う。",11,1
"学習の地域移行のほうが、現実的では？運動部はグランドや体育館が必要。学校に揃っている。学習は、地域の塾で行なう方が現実的だと思うが。",3,23
"正直言って部活動で内申点狙いの親と子供は大変な時代になりますね。これから部活部活なんて言ってはいられません。学力主義の時代がやって来る予感がします。",3,2
"よく考えてみよう。スポーツも文芸も歌舞音曲も、生業でなけれぱ金持ちの道楽なんだよ。親の経済力には差があるのに、生徒は等しくそれをするのが義務のようになっている社会って、おかしくないか？",13,3
"親としては送迎問題がある。指導者も平日の夕方から空いている人なんてなかなかいない。学校から離れてもそれなりに問題は出てくる。",1,3
"顧問に全部させると、働かせすぎだと文句言われるし、かといって指導員を導入すると、教育なんかできないくせにと文句言われるし、かといって部活自体をやめようとすると、生徒可哀想だと文句言われる。世間って昔からこんなにうるさかったっけ？",12,2
"「指導員への謝金など学校単位の部活動であればかからなかった費用が発生するなど、保護者の金銭的負担が増える可能性も指摘」と、こんなこと言ってるのは、「教員ならタダなのに、休日でも微々たる報酬でこき使えるのに」っていう感覚ですかね。教員を馬鹿にするのもいい加減にして頂きたい。",11,1
"エンジョイ派の部活は地域や小中学校巻き込んでやれば良い。地域活性化にもなるかもな。私学や一部の公立は上を目指したら良い。全国一括ではなく，各学校特色だせばいいだけの話",1,1
"有料の地域のクラブというのが、結構いい加減な運営だったりするところが多いと思う。その時のトラブルが増えると思う。",1,2
"中学教員です。20年間バスケ顧問をしてます。地域移行するには財源が足りないとか言われてますが、じゃ現在足りない財源で不当な労働をやらされてる教師はどうなるの？",4,1
"教員です。なんで自分の興味のない活動を放課後や土日に付き合わされるのか、本当にわけがわからないです。仕事じゃありません、あんなの。部活動でやることなんて「趣味」ですよ。「趣味」。なんでそれを仕事時間に強制されなきゃアカンの？？？なんでバレーとか演劇とか陸上とか吹奏楽とか付き合わなきゃいけないの？？？マジで無理です。",12,1
"聞こえはいいが、コレまでは部顧問の絶妙なさじ加減で、部活を運営してきたのです。そのノウハウは、地域の指導者にあるとは思えない。これまでの部活以上に充実した活動ができる力は地域にはにはありません。",1,5
"部活動は一旦全廃して、地域で再構築するべきです。教職員の休職が増えたらイジメを防げません。",3,1
"教師へのやる気の搾取だっただけでしょ。部活を続けるなら、まずは放課後や日曜出勤の手当てを出す事だよ。もしくは、校外から金を使ってコーチや監督などの指導者をつれてくる。それらを出し惜しみするなら部活なんてやめちまえ。",8,1
"20数年前、高校教諭の部活動従事に対する手当は一日150円だったかな？金額を具体提示しないであーだこーだ言ってもふわっとした議論にしかならないのではないか。",1,1
"指導者としての名声を得る為にパワハラ・暴力等の行き過ぎた指導が無いようにチェックは必要だと思います。",2,1
"デメリットなんて考えてる場合ではない。なぜこの話が出てきたんだ！そこをわかっておられますか？まずは舵を切ってつぶれかけてる教師を救ってあげないと。",46,2
"経験の無いスポーツにも経験だからと、新任を配備、しかも主顧問。生徒からは弱くなった、保護者からは、教え方が悪くて勝てない、ケガしたと言われる始末。しかも、部活が終わってから教材作り、採点、運営資料作り。それが当たり前？",6,2
"やりたくもねえ部活を強制されるなら、学内だろうが地域だろうが、大した違いはない。そもそもやりたいことが選択肢になかった経験を持つ者としては。",4,1
"スポーツ庁、文科省の関係者が、机上の空論、自身の理想だけ性急に決定した感が否めない。決定だけ下し、実施や予算は地域・学校に丸投げ。",3,1
"改革は全然進行していない。なんにも変わってない。そして変わる雰囲気もないし、課題ばかりです。難攻不落の問題です。はやくこの問題解決を！！",2,1
"いいことだと思います。コミュニティ形成にも役立つでしょうし、先生の負担は、どうにかしてあげねばならないでしょう。",2,2
"生徒の下校時間は３時半から４時前ぐらいですね。自分の学校でない場合、そこからの移動をどうするかですね。",5,1
"部活をやりたくて教員になった人も少なからずいるわけだが、そういう声があることも知っていてほしい",1,5
"学校の部活動は教員の自己犠牲に丸投げしタダ働きを強要されてきた。費用がどうのこう言う前に対価を払うべき。",1,1
"大幅に予算を増やして、放課後から部活だけ指導する人を雇ったらいいのでは？公教育ということで費用は公費から。なんて、無理ですね",5,2
"できない理由なんていくらでも出せる。そんなんでは社会は一向に進歩しない。課題があるのだから、積極的に変化を受容すべきである。改革無くして進歩無し。",4,1
"田舎ほど、制約を受けるので記事のメリットは事実上なし。より良い子育て環境を求め、田舎から都会に子育て世代いっそう流れることになる。",6,1
"民間から部活の指導者を雇っても、安い謝礼で使えば結局ブラック化するだけ。引き受け手もいなくなるだけだろう。文科省の読みはとことん甘い。",9,2
"いいんじゃないかな。運動場が野球で占領されて、サッカーは追い出されてた。地域になれば、有効活用できるのでは？",3,1
"賛成。部活など地域に任せて、教師たちは「生徒の学力を上げること」「いじめをなくすこと」に専念して頂きたい。",8,4
"大会とコンクールをなくせば部活は減る。外部講師の管理は誰がやるの？生徒どうしの悶着もケアしてくれるの？それともそれは保護者の仕事？",9,2
"熱すぎる人がいつもトラブルを持ってくる。公立なんてタダで面倒見させて、顧問の先生の指導にやいやい口出ししてくる保護者までいる始末。図々しいったらありゃしない・・お金出して強いスポーツクラブ行きゃええやん。",12,1
"部活動を学校から切り離すなら高校、大学の推薦入試の推薦条件から部活の項目は外すべき。",2,1
"地域移行で構わないのだが、現状は各種大会など校長が許可しないと参加できない仕組み。総体、インターハイなどにつながる仕組みをどう作る？大会ごと消滅？",1,1
"土日休み。平日も1時間でええやん。それ以上にしたい生徒には塾の様にスポーツクラブに入ったり文化系、吹奏楽などに入ればいい。",9,1
"はっきり言って遅いくらい。部活動が学校にくっついている以上、教員の長時間労働は絶対に是正されない。これがスタートライン。",44,8
"「夕方４時にヒマで、スポーツ技能や理論に秀で、人格的にもまっとうな大人」って、ものすごく少ないと思うのだが。",10,1
"教員の負担が減るんなら、その分の教員の給料を下げてそれを財源に指導員に支払えばいい。",3,3
"外部化しても結局責任は教師に押し付けられそう切り離しを求める無償で責任を追加で負えるひとなんていません",11,1
"学校の部活動で、サービス残業も厭わずにいる教師に一円も払わないくせに、子供が上達しないのは指導者が悪いとどなり込んでくる親。もう限界。早く社会体育か民間へ。",7,1
"部活動は地域に移行する。そこで起きたいざこざや生徒指導などの問題は学校には持ち込まない。",3,1
"費用の負担が…という声がありますが、その費用分の働きを教員の奉仕によって賄われていることを忘れないでください。",3,1
"先生方に本来のお仕事に専念していただくには、其れしかないのではないですか。。ご負担が多くなり生徒がストレス解消対象にならないためにもです。",2,1
"ワシらの先生、金八先生や徳川龍之介先生は確かに担任で手一杯だったような。部活動教える余裕は無かったよな、たぶん。あ、でもラグビーの泣き虫先生は両方やってたかな?",1,1
"部活を廃止しよう。昔は必ず部活に入らないといけないような半ば強制でしたが時代が違う。",5,2
"どこに指導者がいるの？仕事を引退したパワハラ体質モラハラ体質の老人しかいないのでは？また特に田舎は、どこに活動場所があるのか、どうやって活動場所までいくのか。",5,6
"時代が変わっているのに変わらないのが日本の教育！！部活も宿題もランドセルも・・・もう不要です子供は大量生産品では無い、多様性の無い日本人は滅びるだけ！",2,2
"地域移行にしても、部活専門の教師を雇うのが良いと思う。授業はせず（もしくは短時間）、部活のみ。",3,1
"生徒から見ても部活って強制だったよね。うちの中学とか楽そうなスポーツに生徒が集まってて不健全だったよ。",1,1
"平日の時間外、土日を潰して部活動を見ている先生方にしっかりとお金を払ってあげてください。",1,1
"部活動ビジネスにならないか不安視します。コネクションで私学に特待で根こそぎ持っていかれそうです。",1,1
"部活なんて何のためにあるの？強制入部、嫌だったな。プロに進みたい人とか希望者だけならいいけど",6,1
"あるべき姿はわかりません。社会の皆さんで考えましょう！一回学校の管轄から外してからにしましょう！",5,1
"モンスターのおかげで、やっと委託になった。学校は救われる。子供は自由で良い。",2,1
"頭良くなりたけりゃ勉強は塾、スポーツしたけりゃ有料の地域クラブ。金ない家の子は何にもできん。",4,2
"totoとかロト6って、こういう時のための資金集めの目的じゃなかったっけ？間違ってたらごめんなさい。",3,1
"うちの市の市議会議員選挙で、「部活動を学校に取り戻す」みたいな事言ってた候補者がいたわ…。",1,3
"学校以外の居場所を求める人にとっては良い気がする。自殺が減りそう",3,2
"学校を離れた時点で、部活では無いですよね？？試合、大会の時とか、どうするんでしょうね。",3,3
"部活のみならず、昼食、登下校、もろもろを移行すべき。",3,1
"地方では外部指導者の確保が困難です。",2,2
"できるところから、地域にスライドを早くした方がいいよ。",2,1
"文科省の天下り団体ができて、きっとそこが部活を仕切るんだろうな。",5,1
"部活しに学校に行っていた、自分は学校にいかなくなるかも・・・",2,1
"先生に時間外払えばすべて解決するんじゃないの？",2,4
"人が動けば金かかる。当たり前だと思うが。",3,1
"生徒が部活できなくなることは阻止してください",1,4
"部活動は先生の仕事ではない。",4,2
"地域で誰もやってなかったらどうするの？",4,2
"部活もPTAも廃止→解体",7,1
"そもそも部活強制が良くない。",6,1
"地域に移行の前に宿題無くして",4,2
"時代は巡るのであった。",2,1
"進むべきだと思いますが、国がお金を出さないので進みません。何もしないで、口だけで部活動地域移行はできません。",5,2
"元教師だ。断言するが部活は地域移行の一択で問題ない！それ以外の選択肢がそもそも存在しない。中には「子供の可能性を奪うな」とか「生徒には将来があるんだw」とか言った寝言を吠える馬鹿がいるが、それならお前らが責任持って担当してどうぞ！w出来ないなら初めから口を挟むなwで、学校と言うのは元来部活をやってはいけない場所なんだよ。それを色々解釈を捻じ曲げて無理やり強制的に押し込んでいただけ。教師も教育外の範疇だから関わる必要性が皆無であり、見向きもしなくていい事なんだよwお分かりかな？_だから部活をやりたいなら金払って地域のクラブや同好会に行けばいいんだよwそれが出来ないなら今流行りのクラファンなりで資金集めてでもやるかバイトでもやってクラブに行けばいい話し！間違っても教師に過重労働のタダ働きさせてやるような事じゃない！履き違えるなよ！親も甘えるな！",15,2
"中学校教員が現場よりお伝えします。部活動は癌です。すぐに切らなければ学校が死にます。平日タダ働き残業の最大の要因です。１８時までやっているような狂った学校では２時間３０分程も発生します。休日の手当は当地は3600円。最低賃金を下回り、限られた公式戦以外は交通費も出ず、12時間拘束で残るのは1000円未満とかは普通です。勝手に趣味でやっていることにされたうえ、事が起これば責任を問われるという、全く人を馬鹿にした状況です。これを全く経験も興味もない競技について強制されるのだから狂っています。若い人は断ったり意見したりできるはずもなく、いきなり主顧問として4月末に監督、審判があって詰み、副顧問でも「熱心な」主顧問の非常識な言動に振り回されたりと、悲惨そのものです。試合日程も土日連続やＧＷが潰れる形など、非常識で馬鹿なものばかりです。受益者負担で勝手にやってください。",18,2
"ヤフーコメンを取り上げたりするとかやめときなよ。そもそもヤフーコメント族の人間属性のレベルの低さ知らないの？人生への不満、満たされない日々、発散できないストレス、軽量級の文字入力者。掃き溜めですよ。画面上では正論でもその正論に値する人生経験の無さと説得力のない薄っぺらい正論を取り上げることは、遊びとしてはOKだと思うけど、仕事にするのはアウト。こんな残念な方々の意見を聞いてたら世の中は地獄とカスでしょう。おめでとうございます。",1,6
"教員のなり手が減るのを我慢して今のまま行くか、分離してクラブは地域に任せるか、何を選ぶかは自明の理。それでも前者を選ぶ公立教育委員会は、遠慮なく滅んでくれ",2,1
"今までの学校の部活って競技経験のないど素人が漫画で覚えた意味不明な練習法でやってたりするからマジで怪我するし、上達もしないしで、良いことナッシング。",10,2
"ボランティアという体で高額な月謝を集め、保護者に指導させてる脱税指導者に追加徴税してほしい。",3,1
"性格がひん曲がった、能力の低い人間がやる教員にこれ以上負担かけ続けるのは、傷害事件などを山のように起こすだけだ今すぐ変えろ",2,4
"「地域へ」って、誰が平日の夕方に指導できるの？定年退職者？専業主婦？",7,2
"無理じゃねえ、問題があれば責任取らされる、悪餓鬼には何も出来ないし。",1,2
"そもそも、タダで習い事を習おうとしているクソども",12,1
"何か生徒へのワイセツ行為が増えそう。",5,1